Cisapride;11
Gas Chromatography-Mass Spectrometry;19
Molecular Weight;3
Tablets;191
Corticosterone;1
Memory;4
Radioisotopes;2
Benzo(a)pyrene;1
Angelica sinensis;2
Systems Biology;1
Brain Neoplasms;1
Sildenafil Citrate;14
Butanones*;3
Dacarbazine;2
Urticaceae;1
Cefuroxime;7
Gastrins;1
Madin Darby Canine Kidney Cells;8
Edible Grain;4
Altretamine;1
Glutathione Transferase;12
Reserpine;1
Tacrine;3
Animals, Newborn;1
Epoxy Compounds;1
Nucleus Accumbens;3
Salmeterol Xinafoate;1
Sincalide;2
Receptors, Thrombopoietin;2
Models, Molecular;10
Serum Amyloid P-Component;3
Random Allocation;57
Deoxyribonucleases;1
Pharmacoepidemiology;1
Amphetamine;5
Hepatocytes;42
Diet;147
Laxatives;3
Crataegus;5
Scutellaria baicalensis;4
Chronic Disease;28
Community-Acquired Infections;2
Sperm Count;1
Acridines;2
Desipramine;1
Hyperkinesis;1
Arthritis;5
Data Collection;9
Minerals;18
Glycyrrhizic Acid;14
Prescription Fees;1
Indole Alkaloids;2
Dietary Fats*;2
Multicenter Studies as Topic;2
Artemisia annua;1
Dyspnea;2
Thiophenes;30
Pseudomonas aeruginosa;4
Protein Interaction Domains and Motifs;1
Child Development;2
Columbidae;1
Norpregnenes;5
Jordan;2
Trachea;1
Hyperinsulinism;4
Food;192
Oxygen;1
Dichlorodiphenyl Dichloroethylene;2
Lamivudine;9
Inflammation;15
Moraceae;1
Morpholines;36
Organ Specificity;2
Homeopathy;2
Truth Disclosure;4
Weight Loss;5
European Union;11
Sulfinic Acids;1
Ambulatory Care Facilities;1
Anti-Anxiety Agents;55
Ritodrine;1
Education, Nursing, Continuing;2
Phytoestrogens;19
Peumus;1
Cooking;6
Patient Medication Knowledge*;1
Ritonavir;56
Crystallography, X-Ray;1
Thrombin;7
Chromatography, Thin Layer;3
Angelica sinensis*;2
Ergotamines;4
Health Promotion;9
Neoplasms, Second Primary;1
Light;2
Kanamycin;1
Anesthetics*;1
Vaginal Creams, Foams, and Jellies;1
Parenteral Nutrition;16
Keratolytic Agents;1
Manometry;3
Benzhydryl Compounds;20
Autistic Disorder;2
Stearic Acids;4
Caffeic Acids;11
Sleep Wake Disorders;3
Hydantoins;1
Apomorphine;1
Mice, Knockout;5
Hypoalbuminemia;2
Stomatitis;2
Digitoxin;2
Carbon Tetrachloride Poisoning;1
Dialysis;2
Fluorescence Polarization;2
Soybean Oil;5
Fluvoxamine;2
Drug Contamination;25
Receptor, Angiotensin, Type 1;1
Cell Polarity;3
beta-Lactam Resistance;1
Carbidopa;6
Lactation;11
Lovastatin;21
Polychlorinated Biphenyls;5
Calcium Channels, T-Type;1
Helicobacter Infections;6
Sulfates;5
Eucalyptus;1
Uterus;5
Employment;1
Drug Design;17
Tylosin;2
Aphrodisiacs;1
Chamomile;2
Alkynes;1
New York;1
Adenosine;5
Terminally Ill;1
CDC2-CDC28 Kinases;1
Choice Behavior;1
Phobic Disorders;1
Sulfoxides;5
Minnesota;1
Nephritis, Interstitial;1
Bronchodilator Agents;24
Mood Disorders;2
Tumor Suppressor Protein p53;6
Glycoside Hydrolases;1
Vasoconstrictor Agents;18
Vagus Nerve;2
Piper;4
Sodium Bicarbonate;8
Hospital Volunteers;1
Predictive Value of Tests;13
Melatonin;11
Glucagon-Like Peptide 1;12
Glucagon-Like Peptide 2;2
Water-Electrolyte Imbalance;2
Trazodone;5
Isoproterenol;3
Myocardial Ischemia;2
PC12 Cells;1
Neoplasms;218
Lactones;20
Serenoa;7
Sf9 Cells;1
Stilbenes;10
Taurocholic Acid;2
Gout Suppressants;5
Silicic Acid;1
Polyphenols;21
Minocycline;9
Piperidines*;3
Neurokinin-1 Receptor Antagonists;1
Sympathectomy;1
Oils;5
Gastrointestinal Hemorrhage;6
Chemical Precipitation;8
Candidiasis, Vulvovaginal;1
Rats;382
Coumarins;38
Butyrylcholinesterase;1
Nitrogen Mustard Compounds;1
Conditioning (Psychology);2
Morphine Dependence;1
Blood Proteins;14
X-Rays;1
Lysine;8
Rehabilitation;1
Sweetening Agents;6
Cluster Analysis;1
Cell Membrane;8
Troleandomycin;6
Fatty Acids;21
Hypericum;177
Gluconates;3
Clindamycin;2
Trypanosomiasis, African;1
Sarcoplasmic Reticulum;2
Patient Satisfaction;10
Phyllanthus emblica;1
Prostatic Neoplasms;13
Pyrones;6
Psychiatric Status Rating Scales;7
History, 15th Century;1
Prednisolone;11
Air Pollutants, Occupational;1
Knowledge Bases;1
Vidarabine Phosphate;4
Cell Communication;3
5-alpha Reductase Inhibitors;1
Mucuna;1
Muscle Relaxation;6
Injections, Intramuscular;6
Calcium-Transporting ATPases;2
Cheese*;1
Diabetes Mellitus;18
Zinc;19
Syndrome;5
Bone Diseases, Metabolic;1
Anti-HIV Agents*;4
Hypercalcemia;9
Memory Disorders;1
Algorithms;25
Drug-Related Side Effects and Adverse Reactions*;5
Cross-Cultural Comparison;1
Pefloxacin;4
Bayes Theorem;1
Sputum;1
ATP Binding Cassette Transporter, Sub-Family B;36
Dystonia;2
Health Care Surveys;18
Superoxide Dismutase;7
Propylamines;8
Inactivation, Metabolic;31
Cefotaxime;5
Delivery of Health Care, Integrated;2
Expert Systems;1
Calcium Citrate;2
RANK Ligand;1
Nadolol;13
Alcohol Drinking;43
Sucralfate;5
Child Welfare;2
Product Labeling;2
Serum Bactericidal Test;1
Heart Failure;15
Spectrometry, Mass, Matrix-Assisted Laser Desorption-Ionization;2
Solute Carrier Organic Anion Transporter Family Member 1B3;3
Glycochenodeoxycholic Acid;1
Iodine;3
Gene Transfer Techniques;1
Focus Groups;3
8-Bromo Cyclic Adenosine Monophosphate;2
European Continental Ancestry Group;14
Carnitine;5
Micronutrients;21
Hearing;1
Models, Immunological;1
Maze Learning;2
Mutation;6
Ontario;3
Multidrug Resistance-Associated Proteins;22
Hydrogen-Ion Concentration;83
Pancreatic Juice;2
Antitussive Agents;14
Quinazolines*;4
Creatine Kinase;4
Dialysis Solutions;1
Sodium Glutamate;4
Penicillamine;8
Feasibility Studies;1
Kidney Tubules, Proximal;3
Sodium Oxybate;6
Palmitoyl Coenzyme A;1
Nutritional Requirements;7
Grifola;1
Cholecalciferol;4
Metabolic Diseases;5
Thymine;4
Mycoplasma;1
Hypotension;4
Personality Disorders;1
Membrane Potentials;3
Hypromellose Derivatives;7
MicroRNAs;2
Preventive Medicine;3
Sex Distribution;2
Nutrigenomics;1
Bacteria, Aerobic;1
Yin-Yang;1
Food Service, Hospital;6
Sesamum;2
Aminophylline;14
Patient Care Team;7
Momordica charantia;1
Liver Failure;2
Portal Vein;2
Poria;1
Povidone;3
Nucleic Acid Synthesis Inhibitors;1
Biological Transport;73
Cell Respiration;1
Drug-Related Side Effects and Adverse Reactions;79
Aging;24
Lisuride;1
Felodipine;71
Gluconeogenesis;1
Caco-2 Cells;70
Dietary Supplements*;50
Dicumarol;2
Medicine, Arabic;2
World Health Organization;1
Ethanol;105
Contraceptives, Oral, Hormonal;9
Inhibitor of Apoptosis Proteins;2
Cultural Characteristics;1
Calcium Carbonate;9
Organizational Innovation;1
Angiogenesis Inhibitors;8
Danazol;7
Polymorphism, Genetic;22
Bulimia;3
Orthodontic Brackets;1
Benzodioxoles;8
Tetraspanin 30;2
Hydrogen Bonding;5
Enhancer Elements, Genetic;1
Quality Improvement;1
Amphetamines;8
Bronchial Spasm;2
Molecular Docking Simulation;9
Receptors, Lysosphingolipid;3
Osteoarthritis;10
Enzyme Repression;1
Candida albicans;2
Blood Vessels;5
Valerian*;2
Age Factors;55
Dyspepsia;3
Ericales;3
Penicillin G;4
Lung Neoplasms;25
Neural Pathways;1
Risk Management;4
Haemophilus influenzae;1
Hypoglycemic Agents;138
Inpatients;13
Drug Dosage Calculations;3
Sweden;2
Antibiotics, Antitubercular;20
HEK293 Cells;19
Histamine Release;1
Subarachnoid Hemorrhage;2
Antihypertensive Agents;115
Cytochromes*;2
Hemiptera;1
Wisconsin;2
Penicillin V;1
Janus Kinase Inhibitors;7
Amidohydrolases;1
Dopamine;4
Amphetamine*;4
Drug Administration Schedule;165
Sarcoma;4
Antiparkinson Agents;52
Infusions, Parenteral;2
Arthroplasty;1
Problem-Based Learning;2
Foods, Specialized;1
Corticotropin-Releasing Hormone;1
Association Learning;1
Luteinizing Hormone;1
Testosterone;23
Histamine H1 Antagonists, Non-Sedating;10
Mental Disorders;21
Antimetabolites, Antineoplastic;21
Cognitive Therapy;1
Chemical and Drug Induced Liver Injury;41
Cations;2
Connexins;1
Consumer Health Information;7
In Vitro Techniques;72
Fatty Acids, Omega-3;15
Spermatozoa;1
Tongue;2
Benzimidazoles;50
Drug Packaging;1
Anemia, Pernicious;3
Patient Participation;2
Azithromycin;10
Secondary Prevention;4
Nail Diseases;1
Fluorometry;2
Creatine;1
Chlorzoxazone;21
Toxins, Biological;1
Fungi;1
Kaempferols;14
Cattle;15
Surface Properties;4
Plants, Genetically Modified;1
S Phase;1
Subcutaneous Tissue;1
Hypnotics and Sedatives;64
Coix;1
Gene Expression;9
Reperfusion Injury;4
Melanoma;9
Attention;4
Controlled Clinical Trials as Topic;5
Antiprotozoal Agents;10
Central Nervous System Depressants;24
Yoga;1
Day Care, Medical;1
Hospital Bed Capacity, 500 and over;1
Advertising as Topic;4
Electronic Health Records;1
Cell Movement;1
Drugs, Generic;8
Lymphoma, Large B-Cell, Diffuse;1
Physicians;6
Chloroquine;2
Infant Food;3
Substrate Specificity;25
Biological Availability;797
Nutrition Policy;6
Cause of Death;2
Hyperalgesia;11
Tooth Discoloration;4
Plasmodium berghei;1
Caseins;5
Biotransformation;98
Ulcer;3
Health Policy;1
Cell Line;25
Pyridines;89
Calcium Chloride;1
Canrenone;3
Dopamine beta-Hydroxylase;1
Fibrinolytic Agents;23
I-kappa B Kinase;1
Imatinib Mesylate;9
Stimulation, Chemical;1
Omeprazole;67
Phosphoric Monoester Hydrolases;1
Orphan Drug Production;1
Doxycycline;4
Elapid Venoms;1
Trigeminal Nerve;1
Primary Health Care;7
Fish Products;1
Disease Vectors;1
Coma;1
Janus Kinases;1
Retinoid X Receptors;1
Nephritis;1
Diet Fads;1
Darunavir;11
Sumatriptan;3
Pancreatitis, Chronic;5
Influenza A Virus, H5N1 Subtype;1
Perilla frutescens;1
Pharmaceutical Services*;1
Papaveraceae;1
Greece;1
Oral Ulcer;2
Neoplasms, Experimental;1
Motivational Interviewing;1
Sensation;2
Tyramine;68
Berberine;17
Cola;1
Adjuvants, Pharmaceutic;1
Depsides;3
Artemisinins*;2
Constriction;2
Enterotoxins;1
Combined Modality Therapy;26
Pharmacies*;1
Nerve Tissue Proteins;6
Nitric Oxide;6
Ethanolamines;24
Bile Acids and Salts;10
Databases as Topic;2
Oseltamivir;11
Hypercholesterolemia;24
Trypanocidal Agents;4
Quality of Life;14
Perception;1
Anesthesiology;2
Urination;1
Immunity, Cellular;2
Receptors, Vascular Endothelial Growth Factor;2
Body Weight;23
Ventricular Function, Left;1
Clinical Protocols;3
Mycoses;12
Dissent and Disputes;1
Food, Fortified*;4
Thermodynamics;4
Schools, Nursery;1
Calcium Phosphates;1
Gastric Absorption;1
Boronic Acids;4
Chrysanthemum;1
Endothelin A Receptor Antagonists;1
Luteolin;4
Tilt-Table Test;1
Hydroxymethylglutaryl-CoA Reductase Inhibitors;106
Veratrine;2
Houttuynia;2
Pain*;2
Phosphinic Acids;4
Pharmacogenetics;19
Alanine;6
Cerebrovascular Disorders;1
Bacteria, Anaerobic;4
Phosphorus;1
Factor Analysis, Statistical;1
Dental Care;5
Endocrine System;1
Pregnancy;50
Trace Elements;12
Disease-Free Survival;1
Ketamine;7
Teaching Materials;1
Aspergillosis;1
Phosphorous Acids;8
Capsicum;10
Ferritins;1
Leptospirosis;1
Pest Control;1
Xanthophylls;2
Fleroxacin;8
Calcium Compounds;2
Insecta;6
Mefenamic Acid;4
Blood Coagulation Factors;1
Acetylcysteine;1
Hydroxytestosterones;5
Anti-Ulcer Agents;47
Schizophrenic Psychology;4
Salmonella typhimurium;6
Immunoenzyme Techniques;2
Robotics;1
Tabebuia*;1
Ultraviolet Rays;1
MCF-7 Cells;6
Clavulanic Acid;1
Echinacea*;2
Adrenergic Agents;2
Enzymes;11
International Classification of Diseases;1
Pivampicillin;1
NADPH-Ferrihemoprotein Reductase;6
Cytokines;3
Global Health;4
Catechol O-Methyltransferase;4
Hydrocodone;2
Midwifery;1
Drinking;12
Calorimetry, Indirect;2
Reverse Transcriptase Polymerase Chain Reaction;14
Molybdenum;1
New Zealand;1
Patch-Clamp Techniques;3
Molecular Targeted Therapy*;1
Fertilization in Vitro;1
Quinidine;16
Lung Diseases, Fungal;1
2-Pyridinylmethylsulfinylbenzimidazoles;16
Asian Americans;1
Appetitive Behavior;1
Carbohydrate Conformation;1
Radiation Injuries, Experimental;1
Methysergide;5
Practice Guidelines as Topic;25
Dermatitis, Allergic Contact;2
Body Composition;4
Datura stramonium;1
Ergotism;18
Colectomy;1
Chromatography, Gas;12
Leucine;1
Saudi Arabia;3
Dizziness;3
Tandem Mass Spectrometry;68
Health Knowledge, Attitudes, Practice*;1
Yawning;1
Helicobacter pylori;2
Vomiting;12
Product Surveillance, Postmarketing;3
Clonidine;12
Serbia;2
Adipose Tissue;7
Plants, Toxic;11
Gravitation;1
Functional Food*;3
Molluscacides;1
Hospitals, University;2
Permeability;33
Self Disclosure;2
Codon, Nonsense;1
Cough;1
16,16-Dimethylprostaglandin E2;2
Microvilli;3
Total Quality Management;2
Receptors, Neuropeptide;1
Barbados;1
Nerve Net;3
Estrone;18
Peptide Hydrolases;2
Cholestasis;2
Doping in Sports;2
Wine;15
Heart;14
Thallium;1
Endothelial Cells;4
Carbon Tetrachloride;4
Exanthema;3
Vitis;12
Cell Count;2
Asparagus Plant;2
Drugs, Investigational;25
Ramipril;1
Receptor, Serotonin, 5-HT1A;2
Receptor, Serotonin, 5-HT1B;3
Aspartame;4
Dronabinol;6
Inositol 1,4,5-Trisphosphate Receptors;1
Biomedical Research;8
Mineralocorticoids;1
Mineral Waters;4
Thalidomide;11
Xanthine Oxidase;12
Anti-Asthmatic Agents;20
Potassium Iodide;1
Fluorodeoxyglucose F18*;1
Keratinocytes;2
Biotin;3
Gynostemma;1
omega-N-Methylarginine;1
Leukemia, Lymphocytic, Chronic, B-Cell;9
Proto-Oncogene Proteins c-mdm2;1
Enterocytes;10
Leishmaniasis, Visceral;2
Aminosalicylic Acid;7
Postprandial Period*;1
Amlodipine;22
DNA Damage;5
Hospitals, Veterans;1
Maryland;1
Cardiovascular Diseases;54
Phenolsulfonphthalein;2
Flurazepam;1
Zingiberales;1
Colorimetry;1
Synaptic Transmission;3
Kainic Acid;1
Nephrotic Syndrome;6
Orthosiphon*;2
Review Literature as Topic;2
Sensitivity and Specificity;14
Fishes;12
4-Butyrolactone;2
Capsaicin*;4
Treatment Refusal;3
Lorazepam;8
Resin Cements;1
Gram-Negative Bacterial Infections;2
Oxytocics;7
Monoamine Oxidase;6
Food Handling;4
Digestive System Neoplasms;1
Cyclopia Plant;1
Radioactive Pollutants;1
Monoglycerides;1
Contraceptives, Postcoital;4
Systems Integration;1
Yeast, Dried;5
Genes, bcl-2;1
Immunity, Innate;1
Chemistry, Pharmaceutical;129
Quinpirole;1
Carcinogens, Environmental;1
Gentianaceae;1
Individuality;2
Prothrombin;5
Curriculum;3
Terminalia;4
Immunocompromised Host;1
Lung Diseases;1
Ciprofloxacin;62
Uremia;1
Poultry Diseases;3
Drug Combinations;97
Immunoassay;7
Cytochrome P-450 CYP3A;344
Drug Resistance, Bacterial;2
Ketoprofen;20
Antioxidants;127
Behavior, Animal;12
Plasmodium;2
Iridoids;1
Peroxides*;4
Hematopoiesis;2
Chromatography, Liquid;46
Osteoarthritis*;2
Vitex;3
Aorta;8
Isometric Contraction;1
Perylene;20
Potassium Channel Blockers;5
Hemostatics;10
Piracetam;2
Silicones;2
Antineoplastic Agents, Hormonal*;1
Stockings, Compression;1
Hemolysis;2
Intestinal Mucosa;54
Injections, Intraperitoneal;12
Social Support;2
Clioquinol;2
Organic Anion Transporters, Sodium-Independent;18
Escherichia coli O157;2
Xylose;1
Particle Size;11
Anthropology, Cultural;1
Complementary Therapies;104
Emergency Nursing;1
Case Management;1
Pharmacy Service, Hospital;5
Dentin-Bonding Agents;1
Bendroflumethiazide;2
Population Surveillance;4
Azetidines;14
Boron Compounds;2
Pindolol;1
Hematoma, Subdural;8
Pregnenediones;2
Cyclooxygenase 2;6
Coloring Agents;2
Vaccination;1
Heart Conduction System;2
Cyclooxygenase 1;4
Latex Hypersensitivity;2
Transplantation, Heterologous;1
Mathematics;2
Antitrichomonal Agents;1
Long-Term Care;3
Esterases;4
Dabigatran;11
tau Proteins;2
Public Health Surveillance;1
Anticarcinogenic Agents;16
Nurse Anesthetists;2
Drug Evaluation, Preclinical;39
Drinking Water;1
Isoniazid;28
Protein Synthesis Inhibitors;1
gamma-Glutamyl Hydrolase;1
CCR5 Receptor Antagonists;1
Sulfhemoglobinemia;1
District of Columbia;1
Hexoses;3
Food-Drug Interactions;2361
Intestinal Diseases;5
Medical Records;6
Schizophrenia, Disorganized;2
Lactose Intolerance;5
Lanatosides;2
Receptor, Serotonin, 5-HT2A;2
Iridoid Glucosides;4
Urological Agents;3
Opportunistic Infections;3
Exocrine Pancreatic Insufficiency;3
Structural Homology, Protein;1
Pseudomonas Infections;2
Midazolam;108
Muscle, Skeletal;8
Oral Health;1
Plant Gums;4
Vaccinium myrtillus;1
Tyramine*;1
Poultry;3
False Positive Reactions;6
Vasodilation;5
Cyclin-Dependent Kinase 2;1
Cyclobutanes;2
Retroperitoneal Space;1
Postpartum Hemorrhage;1
Cyclic GMP;4
Peripheral Vascular Diseases;1
Thromboembolism;32
Real-Time Polymerase Chain Reaction;6
Primary Care Nursing;1
Blood Coagulation Disorders;13
Amantadine;7
T-Lymphocytes;5
Genes, MDR;9
Lopinavir;12
Polycyclic Aromatic Hydrocarbons;1
Calcifediol;1
Alginates;3
Hydrolyzable Tannins;3
Rhinitis, Atrophic;2
Florida;1
Trypanosoma cruzi;2
Proto-Oncogene Proteins c-fos;1
Canada;9
Autoradiography;2
Ascorbic Acid;28
Sympathomimetics;3
Asian Continental Ancestry Group*;1
Mutagenesis;1
Renal Circulation;1
Amoxicillin;15
Agaricales*;2
Furocoumarins;74
Protons;1
Sleep Deprivation;1
Postanesthesia Nursing;1
Health Services;1
Mistletoe;2
Pyloric Antrum;1
Cytochrome P-450 CYP2B6 Inhibitors;2
Parathyroid Hormone;5
Onchocerciasis;3
Methicillin-Resistant Staphylococcus aureus;2
Anti-Bacterial Agents;162
Horse Diseases;2
Ventricular Remodeling;1
Acanthaceae;1
Muscle, Smooth, Vascular;1
Oncology Service, Hospital;1
Colonoscopy;1
Attitude to Computers;1
Masoprocol;1
Bronchitis;2
Bacteriophages;1
Nisin;1
Cricetinae;2
Dexamethasone;4
15-Hydroxy-11 alpha,9 alpha-(epoxymethano)prosta-5,13-dienoic Acid;2
Butter;2
Aldehyde Reductase;1
Otorhinolaryngologic Surgical Procedures;1
Cyclin-Dependent Kinase 4;1
Cyclin-Dependent Kinase 6;1
Ferula;2
Bacterial Proteins;3
Spain;6
Emodin;1
Papio;1
Atorvastatin Calcium;25
Pericardial Effusion;1
No-Observed-Adverse-Effect Level;1
Psychiatric Nursing;1
Plant Preparations;440
Mycobacterium tuberculosis;3
Valine;2
Viral Vaccines;1
Goiter, Nodular;2
Bridged-Ring Compounds;5
Body Fluids;8
Excitatory Amino Acid Antagonists;4
Potassium;12
Electron Transport;1
Prenatal Nutritional Physiological Phenomena;1
Galantamine;2
Naphthyridines;11
Menstruation-Inducing Agents;3
Injections, Intraventricular;2
Child, Preschool;50
Elasticity;1
Trifluridine;4
Photosensitivity Disorders;2
Aurora Kinase A;2
Self Administration;6
Deuterium Oxide;1
Hyperkalemia;7
Piroxicam;8
Betaine;1
Digestive System;15
Phenacetin;15
Azabicyclo Compounds;2
Levodopa;43
Selenium;7
Drug and Narcotic Control;7
Copper;5
Schizophrenia, Paranoid;1
Everolimus;2
Anesthetics, Inhalation;2
Guinea Pigs;3
Fluconazole;8
HIV Seropositivity;6
Comorbidity;13
Child Nutritional Physiological Phenomena;3
NG-Nitroarginine Methyl Ester;1
Lymphatic System;3
Ethinyl Estradiol;21
Marital Status;1
Thrombosis;24
Remission Induction;1
Furosemide;18
Vasodilator Agents;35
Diagnostic Imaging;1
Androgens;3
Asthenia;4
Energy Metabolism;7
Scutellaria baicalensis*;1
KATP Channels;1
Cell Line, Tumor;41
Least-Squares Analysis;11
Reactive Oxygen Species;12
Contraceptive Agents;2
Ketorolac;1
Homeostasis;6
Administration, Rectal;2
Norethindrone;4
Fusion Proteins, bcr-abl;4
Diabetes Mellitus, Experimental;17
Placebos;16
Postmenopause;6
Conscious Sedation;4
Teas, Herbal;1
Severity of Illness Index;11
Colitis, Ulcerative;1
HIV Fusion Inhibitors*;4
Catalytic Domain;4
Health Behavior*;1
Cell Survival;26
Breath Tests;6
Insulin Resistance;6
Catecholamines;2
Berberis;1
Triglycerides;17
Codeine;2
Interdisciplinary Communication;1
Microdialysis;4
Central Nervous System;2
Urinary Bladder, Overactive;2
Cognition Disorders;10
Norway;3
Nurse-Patient Relations;3
United States Department of Veterans Affairs;1
Electrolytes;4
Pentylenetetrazole;3
Infusions, Intravenous;39
Neoplasm Staging;3
Flecainide;3
Fluorescent Dyes;3
Morus;4
Therapeutic Irrigation;6
Triazines;9
Ileostomy;1
Cell Proliferation;18
Motor Activity;9
Nitroimidazoles;6
Riluzole;1
Information Services;1
Anti-Infective Agents, Local;6
Evidence-Based Dentistry;1
Spectrophotometry, Infrared;1
Formularies, Homeopathic;1
Hospital Units;1
Luciferases;2
Autopsy;1
Benzoates*;4
Strychnos;1
Atropine;1
Spasm;2
Bacopa;1
Transplantation Immunology;1
Ajmaline;1
beta-Alanine;22
Phenylpropanolamine;13
Analgesics, Non-Narcotic;50
Argentina;1
Laurates;1
Direct Service Costs;1
Hyperlipoproteinemia Type II;3
Laurus;1
Emotions;2
Nuclear Proteins;1
Probiotics;8
Coronary Angiography;1
Musa;1
Succinates;8
Hydrophobic and Hydrophilic Interactions;8
Anthocyanins;12
Fibrinolytic Agents*;4
Georgia;1
Carbadox;1
Idaho;1
Water Microbiology;1
Cinnamates;4
Lymph;5
Camelus;2
Immunosuppressive Agents*;4
Rats, Wistar;134
Alendronate;8
Podophyllotoxin;1
Blood Platelet Disorders;1
P-Selectin*;2
Neoplasms*;2
Molecular Targeted Therapy;1
Plant Stems;2
Erythrocytes, Abnormal;1
Activities of Daily Living;2
Thionucleotides;2
Acetic Acid;2
DNA Methylation;1
Estrogen Receptor alpha;1
Gene Expression Regulation, Developmental;2
Magnetic Phenomena;1
Extracellular Fluid;1
Gastric Acidity Determination;5
Protein Precursors;1
Dietary Fiber;32
Glycyrrhiza uralensis;2
Tumor Cells, Cultured;5
Anticholesteremic Agents;87
Serotonin;9
Starch;4
Hawaii;2
CD4 Lymphocyte Count;2
Avitaminosis;6
Passiflora;2
Receptors, Endothelin;2
ATP Binding Cassette Subfamily B Member 11;1
Sex Factors;56
Morning Sickness;1
HIV Protease Inhibitors*;6
Pulmonary Embolism;10
Paullinia*;2
Australia;5
Water Pollutants;1
Caprylates;3
Rupture, Spontaneous;1
Up-Regulation;22
Oxadiazoles;15
Acetylglucosaminidase;1
Drug Overdose;6
Anthelmintics;19
Cognition;12
Aedes;1
Diet, Protein-Restricted*;1
Acquired Immunodeficiency Syndrome;33
Hydroxymethylglutaryl CoA Reductases;3
Dipteryx;3
Benzenesulfonates;1
Emtricitabine;5
Poverty;1
Proteoglycans;2
Receptors, Estrogen;9
Surgical Procedures, Operative;7
Mortality;1
Apocynum;1
Epithelium;2
Rats, Sprague-Dawley;208
Biological Evolution;1
Bufanolides;2
Acrylates;3
Arum;1
Convulsants;1
Aristolochic Acids;2
Acne Vulgaris;5
Plants, Medicinal*;18
Tablets, Enteric-Coated;21
Drug Costs;2
Blood Chemical Analysis;3
Breast Feeding;5
Acetazolamide;2
Cytochrome P-450 CYP2C19 Inhibitors;5
Soy Milk;6
Recombinant Proteins;33
Larrea;1
Triticum;4
Nursing Staff, Hospital*;2
Forearm;1
Nurses;3
China;23
Cell Death;4
Desvenlafaxine Succinate;1
Euphorbiaceae;1
Registries;2
Folklore;1
Common Cold;2
Epilepsy, Tonic-Clonic;2
Ceftazidime;1
Eating;114
Stomach;39
Vascular Resistance;1
Intensive Care Units;4
Sexual Dysfunction, Physiological;1
Adenosine A1 Receptor Antagonists;4
Cooperative Behavior;2
Enoxacin;8
Respiratory Tract Infections;8
Neurocysticercosis;2
Norpregnadienes;2
Artemisia;3
Intermittent Claudication;4
Enzyme Inhibitors*;1
Ammonia;2
Chest Pain;5
Poloxamer;3
Phenols;31
Ethambutol;1
Methylation;8
Chemistry, Clinical;2
Nonlinear Dynamics;5
Didanosine;19
Ecdysterone;1
Steroids;2
Awareness;2
Health Planning Guidelines;1
Intermediate Care Facilities;1
Waxes;1
Methylprednisolone;4
Fruit and Vegetable Juices*;4
New Caledonia;1
Angioplasty, Balloon, Coronary;1
Dexmethylphenidate Hydrochloride;1
Nursing Care;1
Baculoviridae;1
Iran;2
Panax notoginseng*;1
Diet, High-Fat;24
Radiopharmaceuticals*;1
Child;103
Nepal;1
Lactobacillus;1
Premenstrual Syndrome;1
Boston;2
Drug Administration Routes;6
Quinazolinones;3
Annona*;1
Food Safety;3
Antineoplastic Combined Chemotherapy Protocols;17
Mastication;4
Heart Transplantation;5
Glycosylation;3
Arylsulfotransferase;7
Diltiazem;32
NAD(P)H Dehydrogenase (Quinone);1
Biometry;1
Vaccines*;3
Epoprostenol;4
Herpes Genitalis;1
Glyceraldehyde-3-Phosphate Dehydrogenases;1
Belgium;4
Perfusion;6
Epidemiologic Methods;2
Internal-External Control;1
Metronidazole;5
Photosynthesis;1
Peru;1
Theophylline;108
Phenindione;8
Mitosis;1
Nalidixic Acid;1
Fruit*;4
Dipeptidyl Peptidase 4;4
Conjunctival Diseases;3
Spinacia oleracea;3
Nociceptive Pain;4
Action Potentials;3
Medicine, East Asian Traditional;5
Adrenergic alpha-2 Receptor Agonists;3
Histamine H1 Antagonists;42
Community Pharmacy Services;6
Dietary Fats;265
Acetaldehyde Dehydrogenase Inhibitors;2
Bacteriological Techniques;2
Methicillin Resistance;1
Software Design;1
Ganoderma;2
Seizures;21
Adjuvants, Pharmaceutic*;2
Cell Adhesion*;1
Nisoldipine;21
HIV Protease Inhibitors;113
Comet Assay;1
Anticonvulsants;139
Deoxyguanosine;2
Pimpinella;2
Cytochrome P-450 CYP2C19;30
Ketone Bodies;2
Plant Preparations*;40
L-Iditol 2-Dehydrogenase;1
Community Health Centers;1
Oviposition;1
Catechol O-Methyltransferase Inhibitors;5
Qualitative Research;2
Subcellular Fractions;3
Thiazolidinediones;7
Saliva;11
Antacids;52
Renal Dialysis;4
Gastrointestinal Contents;9
Factor Xa Inhibitors;21
Food Contamination;5
Isosorbide Dinitrate;12
Drug Utilization;11
Chalcone;6
Thiazolidines;1
Esophageal Neoplasms;1
Tetrahydrofolates;2
Plants, Edible;4
Thioctic Acid;2
Aged, 80 and over;127
Angelica;5
Photinia;1
Sports;2
Carbohydrates;6
Inositol;2
Viral Nonstructural Proteins;5
Liposomes*;1
Enzyme Induction;55
Avena;2
Endometriosis;1
Antidepressive Agents, Second-Generation;28
Oils, Volatile;26
Tumor Burden;3
Social Control, Formal;1
Multiple Organ Failure;1
Aromatase Inhibitors;3
Arteriosclerosis Obliterans;2
Apiaceae;5
Environment;2
Hydrastis;12
Polycyclic Compounds;3
Bicuculline;1
Estrogen Replacement Therapy;8
Angiography;2
Social Media;1
Formazans;1
Oxycodone;27
Aldehyde Dehydrogenase, Mitochondrial;1
Dinoprostone;2
Science;1
Palliative Care;2
Oxazepam;6
Ribavirin;11
Meat;10
Apocynaceae;3
Antipsychotic Agents;73
DDT;5
Medical Order Entry Systems;1
Caulophyllum*;1
Dosage Forms;28
Glucuronosyltransferase;62
Databases, Factual;15
Mentha;1
Transdermal Patch;1
Lanosterol;5
Phosphodiesterase Inhibitors;36
Cross-Linking Reagents;2
Fruit;107
Genomics*;1
Hepatic Insufficiency;3
Terfenadine;91
Precursor Cell Lymphoblastic Leukemia-Lymphoma;9
Liver Cirrhosis;1
Societies;1
Psychotropic Drugs;23
Drug Discovery;9
Hemosiderosis;2
Platelet Aggregation;16
Tea;61
Mentha piperita;2
Cytotoxins;1
Chlorpheniramine;2
Ketosis*;3
Aristolochia;2
Bicycling;1
Fascioliasis;2
Gliclazide;7
Patient Compliance;14
Clinical Trials, Phase II as Topic;1
Prasugrel Hydrochloride;4
Calcium, Dietary;17
Follow-Up Studies;23
Flavones;7
Hypoglycemic Agents*;3
Calcium Channels, L-Type;1
Endometrial Neoplasms;8
Parathyroidectomy;1
Stromal Cells;1
Computer Graphics;1
Enzyme Activators;7
Fatal Outcome;11
CA1 Region, Hippocampal;6
Diabetes Mellitus, Type 1;6
Diabetes Mellitus, Type 2;48
Megakaryocytes;4
Eleutherococcus;5
Folic Acid;21
Alkalies;2
Analgesics, Opioid;77
Drug Discovery*;1
Lasalocid;1
Population Growth;1
Withania;2
Infant Formula;1
Nutrition Disorders;14
Drug Prescriptions;22
Renal Elimination;1
Gastritis;7
Bone Marrow Cells;2
Nursing;1
Zinc Acetate;2
Internationality;2
Styrenes;3
Dihydroergotamine;13
Aspartate Aminotransferases;6
Ovulation Induction;1
Olive Oil;3
Paraffin;1
Oxprenolol;4
Monosaccharides;3
Beer;3
Anesthetics, General;2
Arginine;4
Serotonergic Neurons;3
Food, Genetically Modified;1
Hydroxyindoleacetic Acid;2
Glutathione;15
Antineoplastic Agents, Hormonal;15
Mutagenesis, Site-Directed;1
Ranunculaceae;1
Hydroxybenzoates;2
Glycyrrhiza*;2
Secologanin Tryptamine Alkaloids;1
Quality Assurance, Health Care;2
Michigan;1
Hydrolysis;7
Clopamide;1
Pilot Projects;28
Benzophenanthridines;1
Diffusion Magnetic Resonance Imaging;1
Alleles;3
Religion and Medicine;1
Integrin alpha2;1
Estrogen Receptor beta;1
Plethysmography;1
Transcriptional Activation;4
Critical Illness;6
Nuclear Family;1
Gynecologic Surgical Procedures;1
Tetraethylammonium;1
Hormones;3
Lymphedema;2
Darier Disease;2
Chromans;2
Base Sequence;3
Diet, Sodium-Restricted;4
Brazil;7
Diacylglycerol O-Acyltransferase;2
Cardiomyopathies;4
Swimming;1
Indoles;65
Health Communication;1
Peritonitis;2
Flurbiprofen;11
Food Preferences;2
Xanthones;10
Schisandra*;2
Cholinergic Agonists;1
Jejunostomy;2
Oxygen Consumption;3
Leishmaniasis;2
Simian virus 40;1
Disease Progression;7
Chromium Radioisotopes;1
Lysophospholipids;1
Iron Radioisotopes;1
Wounds, Gunshot;1
Contrast Media;1
Hypericum*;2
Larva;3
Anthraquinones;5
Carbonyl Cyanide p-Trifluoromethoxyphenylhydrazone;1
Cytochrome P-450 CYP1A2 Inducers;2
Antiemetics;10
Duloxetine Hydrochloride;2
Taste;6
Metformin;46
Observer Variation;1
Cohort Studies;35
Preoperative Period;1
Pancreas Transplantation;2
Glioblastoma;1
Receptors, Opioid, mu;1
Lactams;2
Iron;15
Cheese;27
Iron, Dietary;5
Interleukin-6;1
Dihydrotestosterone;1
Azoxymethane;1
Azetidines*;10
Mouth;2
Melphalan;4
Cosmetics;2
Tosyl Compounds;1
Narcolepsy;1
N-Formylmethionine Leucyl-Phenylalanine;1
Isoflavones;19
Acute Coronary Syndrome;5
History, Ancient;3
Fallopia japonica;1
Angina Pectoris;1
Allopurinol;4
Enediynes;2
Spectrophotometry, Ultraviolet;25
Prostatic Hyperplasia;2
Colchicum;1
Medical Oncology;4
Salvia miltiorrhiza;24
Lipoproteins;9
Neurologic Examination;1
DNA;5
Asteraceae;3
Liposarcoma;1
Ambulatory Surgical Procedures;2
Sarcina;1
Reconstructive Surgical Procedures;1
North Carolina;1
Delirium;3
Anorexia;1
Protoplasts;1
Erythrocyte Indices;1
Vitamins*;1
Leukocytes, Mononuclear;5
Calcium Hydroxide;1
Abiraterone Acetate;9
Young Adult;303
Food, Organic;12
Acculturation;1
Piper nigrum;4
Ammonium Chloride;1
Amyloid beta-Peptides;1
Thromboxane-A Synthase;1
Chlorhexidine;4
Dopamine Antagonists;7
Infant, Newborn;17
Organic Anion Transport Protein 1;9
Amino Acids, Aromatic;1
Acute Kidney Injury;9
Agoraphobia;2
Administration, Oral;713
Postoperative Period;1
Steroid Isomerases;1
Coagulants;2
Histamine H2 Antagonists;11
Receptors, Opioid;1
Preoperative Care;11
Janus Kinase 1;1
Bisacodyl;2
Panax notoginseng;5
Myristica fragrans;2
Corn Oil;1
Silymarin;23
Acetaminophen;112
Andrographis*;2
Propionates;9
Cycadopsida;1
Exercise Tolerance;1
Protein Conformation;2
Butylamines;1
Adaptation, Physiological;2
Aminopyridines;6
Injections, Intravenous;71
Honey*;1
Growth Hormone;1
Mangifera;1
History, Medieval;1
Procainamide;1
Cannabidiol;6
Allylamine;2
Liver Neoplasms;4
Benzofurans;25
Peptic Ulcer;2
Guanine;6
Meperidine;1
Dose-Response Relationship, Drug;385
Anilides;9
Lipectomy;1
Absorption;76
Debrisoquin;1
Analgesics;47
Non-alcoholic Fatty Liver Disease;3
Inhibitory Concentration 50;46
Plant Tubers;1
Nigeria;7
Bone Marrow;1
Hydrazines;11
Thymus Plant;1
Glutathione Reductase;2
Intracellular Signaling Peptides and Proteins;2
Administration, Inhalation;2
Tumor Necrosis Factor-alpha;3
Microsomes;25
Molecular Probes*;1
Camellia sinensis;8
Drug Labeling;26
Sulfhemoglobin;1
Eschscholzia;1
Central Nervous System Agents;6
Novobiocin;2
Education, Pharmacy;4
Sodium, Dietary;3
Oleic Acid;3
Oligonucleotide Array Sequence Analysis;1
Eicosanoids;1
Glucosinolates;2
Veterinary Drugs;4
Drug Utilization Review;2
Pravastatin;11
Parenteral Nutrition Solutions;6
Medication Adherence*;1
Angiotensin II Type 1 Receptor Blockers;26
Nocodazole;2
Petasites;1
Ganciclovir;6
Motivation;2
NADH, NADPH Oxidoreductases;3
Gene Expression Regulation, Plant;2
Depressive Disorder, Major;17
Nitroarginine;1
Metformin*;1
Isothiocyanates;12
Plastids;3
Pyrrolizidine Alkaloids;2
Calcitonin Gene-Related Peptide;1
Urinary Bladder Diseases;1
Mumps Vaccine;1
Kidney Tubules;7
Substance P;6
Logistic Models;11
Contraceptives, Oral, Combined;13
Psychometrics;1
Movement Disorders;1
Anemia, Iron-Deficiency;5
Arsenites;3
Glutamic Acid;1
Food Services;1
Phenotype;23
Confounding Factors (Epidemiology);3
Mutagens;9
Sodium;13
Tetracyclines;3
Carbamates;30
Colchicine;13
Malus;16
Immunologic Factors;9
Heterocyclic Compounds, 3-Ring;12
Single Person;1
Immunoglobulin E;1
Diet, High-Fat*;4
Yogurt;7
Social Environment;1
Muscimol;1
Upper Gastrointestinal Tract;2
Socioeconomic Factors;10
Cardiomegaly;1
Bupleurum;2
Cannabis;8
Botulinum Toxins, Type A;3
Ireland;2
Arousal;1
Menthol;2
Mydriasis;1
France;4
Fluorouracil;9
Binding, Competitive;13
Intermittent Pneumatic Compression Devices;1
Tremor;4
Polysaccharides, Bacterial;2
Angiotensin I;3
Lactic Acid;3
Receptors, Serotonin;2
Oleic Acids;1
Meningococcal Vaccines;1
Apium graveolens;1
Trifolium;1
Body Water;2
Moclobemide;12
Food, Fortified;18
Aorta, Thoracic;4
Reproductive Health Services;1
Heparin, Low-Molecular-Weight;9
Haplorhini;2
Lipoproteins, VLDL;5
Leg;6
Food-Drug Interactions*;8
Methylcellulose;11
Iron Chelating Agents;4
Antitubercular Agents;47
Virus Replication;1
Sheep;3
Chronotherapy;1
Onchocerca;3
Histone Deacetylase Inhibitors;3
Heparin;8
Ethylenes;1
ATP Binding Cassette Transporter, Sub-Family G, Member 2;14
Sulfotransferases;12
Sorbitol;4
2-Hydroxypropyl-beta-cyclodextrin;5
Taurine;8
Indiana;1
Acridones;1
Retina;4
Esters;1
Gene Expression Profiling;2
Deoxyadenosines;1
Breast Neoplasms;40
Naltrexone;12
Hallux Valgus;1
Loratadine;9
Gastrointestinal Transit;23
Swine;20
Amyloid Precursor Protein Secretases;2
Prodrugs*;2
Chlorogenic Acid;5
Cystitis;3
Precision Medicine;1
Vinblastine;3
Hepatitis B, Chronic;1
Infusion Pumps;1
Receptors, Glucocorticoid;2
Prednisone;8
British Columbia;1
Academic Medical Centers;3
Forecasting;9
Blood Cell Count;4
Tuberculosis;8
Cholinergic Antagonists;9
Southeastern United States;1
Corydalis;1
Clinical Trials, Phase I as Topic;8
Galectin 1;1
Chelating Agents;5
Metabolomics;5
Glycoside Hydrolase Inhibitors;1
Vitamin K Deficiency;7
PPAR gamma;3
Salvia miltiorrhiza*;1
Kidney Function Tests;5
Databases, Pharmaceutical;1
Connective Tissue Diseases;2
Receptors, GABA;2
Food Deprivation;6
Fruiting Bodies, Fungal;1
Amygdalin;2
Dopamine Agents;3
Nursing Methodology Research;4
4-Hydroxycoumarins;2
Ketones;3
Calcium Channels;3
Mice, Inbred C57BL;18
Dealkylation;3
Decision Support Techniques;1
Drug Resistance*;1
Vitamin K Epoxide Reductases;7
Dioxolanes;3
Herbal Medicine;70
Cisplatin;11
Locomotion;2
Diet, Fat-Restricted*;1
Sodium Iodide;4
Nutrition Therapy;2
Benzylamines;12
Dipeptides;14
Community Pharmacy Services*;1
Somatoform Disorders;5
Food Preservatives;7
Uracil;15
Autonomic Nervous System Diseases;4
Sophora;5
Consumer Product Safety*;1
Neuroprotective Agents;10
Ventricular Dysfunction, Left;2
Cell Adhesion Molecules;1
Chemical and Drug Induced Liver Injury*;2
Viscum;2
Hallux*;1
Genomics;2
Rats, Inbred F344;1
Decision Support Systems, Clinical;2
Wound Healing;1
Amlodipine, Valsartan Drug Combination;4
Viral Load;4
Penile Erection;2
Arylamine N-Acetyltransferase;5
Research Personnel;1
Glycyrrhiza;31
Azacitidine;4
Neoplasm Proteins;30
Vaccines, Conjugate;1
Hepatitis B virus;2
Cadmium;1
Drugs, Chinese Herbal;353
Myristic Acid;1
Risk Assessment;73
Dipyridamole;10
Digestion;9
Fermentation;3
Pediatric Nursing*;1
Budesonide*;3
Selenic Acid;1
Texas;3
Orthopedics;1
Microtubules;1
Medicine, Korean Traditional;1
Tocopherols;1
Observation;2
Nicotine;3
Phosphates;6
Soil Pollutants;1
Infertility, Female;1
Hydrogels;2
Iron Compounds;2
Digitalis;1
beta-Galactosidase;2
Organoplatinum Compounds;8
Coffee*;4
Methylenetetrahydrofolate Reductase (NADPH2);2
Thoracic Surgical Procedures;1
Systole;5
Acetylcholinesterase;2
Butyrophenones;7
Cost Savings;2
Janus Kinase 2;3
Hospitals, Special;1
Netherlands;8
Cell Shape;1
Leukemia, Promyelocytic, Acute;2
Sympathetic Nervous System;4
Celiac Disease;4
Disopyramide;5
Indinavir;41
Rats, Inbred SHR;1
Models, Theoretical;2
Osteocalcin;1
Fasting;369
Semen;2
Fructose;13
Fabaceae;15
Urinary Calculi;2
Coprinus*;1
Cesarean Section;1
Peritoneal Neoplasms;2
Imidazoles;51
Vanadates;2
Diphosphonates;8
Foot Diseases;2
Aconitum;2
Kidney Failure, Chronic;20
Norepinephrine;4
Dental Bonding;1
Clinical Chemistry Tests;1
Leptospira;1
Glutamine;8
Deuterium;1
Dermatitis, Atopic;1
Antipsychotic Agents*;1
Phosphatidylcholines;3
Emulsions;25
Ventricular Dysfunction;1
Metabolic Clearance Rate;128
Kalanchoe*;1
Isoenzymes*;3
Bread;3
Lythraceae;1
Histidine;1
Seminiferous Tubules;2
Bacterial Infections;4
Heart Diseases;21
Cassia;4
Drug Compounding;25
Prunus;2
Dipyrone;6
Dimethyl Sulfoxide;1
Sulfonylurea Compounds;2
Bumetanide;4
Dermatitis, Phototoxic;6
Discrimination Learning;1
Coenzymes;2
Ecdysteroids;1
Hematuria;4
Phenylbutazone;2
Neural Conduction;1
Antimutagenic Agents;6
Orexin Receptors;1
Metabolism;1
Asthma;15
Luteal Phase;2
Schools, Dental;1
Tobacco;2
Mass Screening;4
Oxazolidinones;21
Extinction, Psychological;1
Adrenergic Agonists;1
Chickens;4
Diet, Fat-Restricted;9
Glucokinase;1
Diphenylhexatriene;1
N-Methylaspartate;1
Anesthesia, Dental;3
Hesperidin;6
Staphylococcal Food Poisoning;1
Zingiberaceae;3
Students, Pharmacy;1
Geriatric Assessment;6
Infant Nutritional Physiological Phenomena;1
Benzylisoquinolines;1
Skin Diseases, Infectious;1
Hong Kong;1
Plant Leaves;31
Absorption, Physiological;2
Plant Structures*;1
Metals;3
Hodgkin Disease;2
Ellagic Acid;4
Erigeron;2
Nutritional Physiological Phenomena;12
Phenylurea Compounds;20
Research;6
Thailand;4
Formaldehyde;1
Pharmaceutical Solutions;15
Citrus*;11
Posture;2
Electromagnetic Phenomena;2
Lurasidone Hydrochloride;1
Ethylene Glycols;3
Deamino Arginine Vasopressin;10
Orthopedic Procedures;2
Thiazoles;72
Vasospasm, Intracranial;2
Sitagliptin Phosphate;2
Nursing Assessment;23
Urinary Tract Infections*;2
Treatment Refusal*;1
Food*;1
Bromobenzenes;10
Perioperative Nursing;1
United Kingdom;12
Hospitalization;12
Gene Knockout Techniques;1
Mice, Inbred Strains;3
Prostaglandin Endoperoxides, Synthetic;1
Cyclooxygenase 2 Inhibitors;7
Isocarboxazid;1
Migraine Disorders;16
Lower Extremity;1
Glucuronides;13
Prostatectomy;1
Olea;2
Food, Organic*;4
Tromethamine;6
Caregivers;3
Peptides;7
Bromocriptine;6
Cytochrome P-450 CYP3A Inducers;4
Macaca fascicularis;5
Cholesterol, LDL;7
Telefacsimile;1
Azetines;3
Luminescent Measurements;5
Acupuncture Therapy;3
Environment, Controlled;1
Bevacizumab;1
Incidence;4
Informed Consent;1
Technology, Pharmaceutical;27
Tubulin;4
Ethnic Groups;6
DNA Fragmentation;1
Magnesium;6
Behavior;1
Ligusticum;2
Radiopharmaceuticals;6
Constipation;6
Serotonin Syndrome;23
Culture;2
Hematinics;7
Genetic Predisposition to Disease;4
Thromboxane A2;3
Drug Industry;8
Insulin-Like Growth Factor I;3
3',5'-Cyclic-AMP Phosphodiesterases;3
Arthritis, Rheumatoid;10
Foodborne Diseases;10
Calcium Channel Blockers;219
Drug Resistance, Microbial;4
Phenobarbital;8
Deglutition Disorders;4
Fluphenazine;2
Chemical Fractionation;2
Amine Oxidase (Copper-Containing);1
Histocytochemistry;1
Diphosphonates*;2
Ligands;6
Cytochromes;7
Cyclohexanecarboxylic Acids;13
Causality;1
Receptors, Drug;1
Acyl Coenzyme A;2
Magnesium Compounds;4
Trigonella;7
Species Specificity;18
Dictamnus;1
Education, Dental;1
Schizophrenia;27
Thromboxane B2;1
Poaceae;1
Steroid 16-alpha-Hydroxylase;11
Confusion;2
Hypothalamus;3
Fatty Acids, Essential;2
Rhizome;15
Blood Coagulation;42
Postprandial Period;83
Brain-Derived Neurotrophic Factor;1
Molecular Structure;36
Ovarian Neoplasms;4
Glucosyltransferases;2
Hormone Antagonists;2
Antidiuretic Agents;3
Dietetics;7
Dihydroxyphenylalanine;4
HIV Seronegativity;3
Benzoates;17
Leukemia, Lymphoid;3
Polyethylene Glycols;10
Phenothiazines;1
Hypersensitivity;8
Chemoprevention;4
Proportional Hazards Models;3
Physician-Patient Relations;22
Infusions, Subcutaneous;1
Ginkgo biloba;92
Artemisia absinthium;1
Phenanthrenes;29
Receptors, Cholecystokinin;1
Albendazole;15
PUVA Therapy;3
Serotonin Antagonists;2
Denmark;3
Chromium;4
History, 19th Century;1
Microsomes, Liver;217
Pregnancy Outcome;3
Dihydrouracil Dehydrogenase (NADP);1
Chromones;2
Pain Management;2
Pepsin A;1
Atrial Flutter;1
Catalepsy;2
Deoxyribose;1
Riboflavin;1
Behcet Syndrome;1
Receptors, Biogenic Amine;2
Acetates;20
Seaweed;4
Fumarates;6
Albumins;2
Antithrombins;9
Biological Assay;3
Host-Parasite Interactions;2
Xenobiotics;16
Stomach Neoplasms;3
Diazepam;36
Plant Structures;1
Gadus morhua;1
Psyllium;3
Lycium;8
Free Radicals;1
Adjuvants, Immunologic;10
Withholding Treatment;1
Absorptiometry, Photon;1
Artifacts;1
Neurotransmitter Agents;1
Myocardium;14
Transcription Factors;3
Medicine, Traditional;23
African Continental Ancestry Group;2
Indium Radioisotopes;1
Blood-Brain Barrier;5
Haplotypes;4
Life Style;8
Glucosamine;11
Puerto Rico;1
AIDS-Related Opportunistic Infections;5
Daucus carota;1
Genes, Plant;1
Drug Evaluation;10
Muscarinic Antagonists;12
Pregnancy Complications, Infectious;3
Postpartum Period;1
Glycine;17
Isomerism;3
Drug Delivery Systems;24
Sapogenins;3
Alkaloids;34
Cytochrome P-450 Enzyme Inducers;8
Contraceptives, Oral;20
NF-kappa B;4
Tetralones;3
Rural Population;3
Prolactin;2
Indenes;2
Immune System Diseases;3
Ephedra*;1
Needs Assessment;2
Gastrointestinal Agents;13
Surface Tension;2
Fluoxetine;19
Nitroprusside;3
Gallstones;1
Hoof and Claw;1
Astragalus Plant;4
Gastric Emptying;48
Aminobutyrates;2
Glyburide;7
Harpagophytum;3
Vitamin B 12*;2
Wounds and Injuries;1
Peripheral Nervous System Diseases;8
Hip Fractures;3
Phenanthrolines;13
Plant Proteins;6
Hydralazine;16
Maternal Welfare;1
Sports*;1
Therapeutic Equivalency;108
Antipyretics;8
Adamantane;35
Legislation, Drug;17
Oral Sprays;1
Praziquantel;12
Glycosyltransferases;2
Hydroxylamines;2
Cytochalasin D;1
Phenethylamines;6
Selegiline*;3
3-Hydroxybutyric Acid;1
Morphinans;2
Gap Junctions;2
Venous Thromboembolism;9
Antineoplastic Agents*;9
Butyrates;5
Education, Medical;2
Publication Bias;1
Linagliptin;2
Diabetes Mellitus, Experimental*;1
Quantitative Structure-Activity Relationship;5
United States Food and Drug Administration;28
Ethidium;1
Microfilariae;1
Arsenates;3
Limonins;1
Maintenance;1
Respiratory System Agents;1
Poly(ADP-ribose) Polymerase Inhibitors;5
Diet, Protein-Restricted;7
Tadalafil;2
Heart Valve Prosthesis Implantation*;1
Analysis of Variance;106
Metabolic Networks and Pathways;2
K562 Cells;1
Government Regulation;7
Spices;2
Italy;6
Fats;3
Heptanoic Acids;30
Sulfaphenazole;1
Hepacivirus;12
Dose-Response Relationship, Radiation;1
Ivermectin;14
DNA, Complementary;6
HIV Infections;133
Satiety Response;1
Hematologic Neoplasms;4
Pyrroles;49
Proline;10
Fentanyl;13
Tungsten Compounds;3
Benzoxazines;11
ATP-Binding Cassette, Sub-Family B, Member 1;221
Viburnum;2
Neuroleptic Malignant Syndrome;1
Triacetin;1
Drug Storage;4
Angiotensin-Converting Enzyme Inhibitors;37
DNA, Circular;1
Atherosclerosis;10
General Practice;2
Eczema;5
Calcium Signaling;1
Antineoplastic Agents, Alkylating;1
Cholinesterase Inhibitors;9
Cross-Sectional Studies;49
Isoenzymes;48
Cytochrome P-450 CYP2E1*;2
Hot Temperature;6
Vicia faba;1
Respiratory Syncytial Virus Infections;3
Gastrointestinal Motility*;1
NAD;1
Atrioventricular Block;2
Biflavonoids;3
Oryza;4
Globulins;2
Acids;3
Influenza, Human;1
Anesthesia Recovery Period;2
Aflatoxin B1;3
1-Naphthylamine;3
Cell Line, Transformed;1
Aminoquinolines;6
Perioperative Care;6
Serotonin 5-HT1 Receptor Agonists;2
Levofloxacin;7
Tetradecanoylphorbol Acetate;3
Central Nervous System Stimulants;73
Hydroxides;1
Dietary Carbohydrates;42
Erythropoietin;2
Estrogens, Non-Steroidal;3
Flavoring Agents;5
Aging*;3
Immunoblotting;3
Educational Status;9
Rats, Inbred Strains;4
ERG1 Potassium Channel;1
Metoclopramide;4
Eggs;2
Ginsenosides;26
Multiple Sclerosis;3
Hyperglycemia;12
Program Development;1
Estrogen Antagonists;5
Postoperative Care;1
Interleukins;2
Fertility;1
Disulfiram;10
Caspase 3;1
Colony-Forming Units Assay;1
beta-Lactamase Inhibitors;1
Estrogens, Conjugated (USP);2
Dextrins;1
Cynara scolymus;1
p-Aminohippuric Acid;3
Lipoxygenase Inhibitors;3
Drug Incompatibility;4
Specific Pathogen-Free Organisms;1
Microcomputers;1
Lethal Dose 50;7
Insulin;32
Social Class;2
Hydroxamic Acids;3
Feeding and Eating Disorders;2
Liliaceae;3
Bradycardia;4
Fatigue Syndrome, Chronic;2
Perindopril;3
Endothelium, Vascular;2
Oxazines;10
Venous Insufficiency;2
Lignans;27
Reference Values;77
Forensic Toxicology;3
Chromatography, High Pressure Liquid;251
Hepatitis C, Chronic;6
Micronucleus Tests;1
Prostaglandins;3
Homosexuality, Male;1
Invertebrate Hormones;2
Benzoic Acid;1
Psoriasis*;3
Adrenocorticotropic Hormone;1
Prescriptions;3
Glycyrrhetinic Acid;9
Methylcholanthrene;1
Catheterization;2
Citrates;11
Crotalid Venoms;1
Organ Size;3
Fluorobenzenes;19
Nasal Mucosa;1
Neoplastic Stem Cells;1
Administration, Intranasal;1
Xanthines;8
Dermatomycoses;3
Arthritis, Psoriatic;1
Computer-Assisted Instruction;2
Directories as Topic;1
Fish Oils;20
Deficiency Diseases;6
Horses;4
Acecainide;1
Ethacrynic Acid;1
Zidovudine;12
Electroshock;1
Apoptosis;13
Maternal Nutritional Physiological Phenomena;2
Models, Chemical;4
Cyclic Nucleotide Phosphodiesterases, Type 4;3
Cyclic Nucleotide Phosphodiesterases, Type 5;2
Menstrual Cycle;1
Neurocognitive Disorders;2
Pregabalin;2
Evodia;1
Plasmodium falciparum;4
Lymphoma, Non-Hodgkin;3
Micelles;6
Thyrotropin;9
Fruit and Vegetable Juices;15
Achlorhydria;5
Catalysis;2
Acetanilides;4
Decision Making;4
Flavonols;6
Starvation;2
Mucositis;2
Benzyl Compounds;1
Antidiarrheals;7
Abscess;1
Atenolol;15
Organelles;3
Pressure;1
Dental Care for Chronically Ill;4
Congenital Hypothyroidism;2
Pharmacies;5
Peptides, Cyclic;3
Citrus paradisi*;8
Basophils;1
Facial Pain;2
Menstruation Disturbances;1
Respiratory Tract Diseases;2
Tin Polyphosphates;2
Solute Carrier Organic Anion Transporter Family Member 1b1;9
Bridged Bicyclo Compounds;20
Bone Morphogenetic Proteins;1
Hospital Information Systems;1
Clodronic Acid;2
Enzyme Inhibitors;204
Uterine Cervical Neoplasms;3
Prognosis;5
Tennessee;1
Gene Expression Regulation, Neoplastic;6
Peptide YY;2
Electric Conductivity;1
Eugenol;6
Spider Bites;3
Azepines;10
Gastrointestinal Motility;11
Mitogen-Activated Protein Kinase Kinases;1
Child Health Services;1
DNA Damage*;1
Vitamin B 12;9
Arthroplasty, Replacement, Knee;2
Tabernaemontana;1
Olmesartan Medoxomil;1
Metoprolol;13
Psychoses, Substance-Induced;4
Hydroxydopamines;1
GABA Agonists;4
Tolbutamide;38
Organic Cation Transport Proteins;7
Vitamin B 12 Deficiency;13
Depressive Disorder;48
Chemotaxis;1
Pharmaceutic Aids;2
Pyridazines;13
Cimicifuga;18
Metabolic Detoxication, Phase I;10
Lonicera;4
Flow Cytometry*;1
Progesterone;4
Hepatitis C;9
Flunitrazepam;5
Hepatitis B;1
Estrogens;18
Phenylcarbamates;1
Quinazolines;67
Osteoblasts;3
Organophosphates;16
Mitochondria, Liver;1
Schistosomiasis mansoni;3
Organometallic Compounds;1
Imipramine;3
Holistic Health;2
Counseling;5
Continental Population Groups;2
Acetyltransferases;1
Suspensions;31
Endothelin Receptor Antagonists;2
Nicotinamide Phosphoribosyltransferase;3
Myocytes, Cardiac;6
Lisinopril;3
Clofazimine;4
Internship and Residency;2
Computational Biology;6
Internal Medicine;5
Hot Temperature*;1
Anti-Retroviral Agents;22
Oligosaccharides;7
Leprostatic Agents;6
Herb-Drug Interactions*;5
Illinois;1
London;1
Graft Rejection;13
Varicose Veins;1
Disease Management;2
Protein-Tyrosine Kinases;16
Glycerides;2
Solanaceous Alkaloids;1
Women's Health;6
Vernonia;1
Fluorescence;1
Electroencephalography;3
Rhabdomyolysis;20
Fetal Resorption;1
Cyclin B1;1
Contraindications;22
Pyrimidines;126
Cannabinoids;1
Lincomycin;13
Intubation, Gastrointestinal;28
G2 Phase;1
Iatrogenic Disease;2
Diffusion;4
Penicillinase;1
Communication;22
Anti-Allergic Agents*;4
Niacinamide;14
Aspirin;34
Microscopy, Electron, Scanning;3
Chlorella;2
Metabolic Detoxication, Phase II;1
Pyrazoles;52
Cucurbitaceae;1
Guanidines;1
RNA, Complementary;2
Biopharmaceutics;29
Fenofibrate;19
Dihydropyridines;22
Trypsin;1
Educational Measurement;2
Nucleosides;6
Indicators and Reagents;10
Garlic;52
Rifampin;44
Emergency Medical Services;2
Endopeptidases;1
Receptor, Epidermal Growth Factor;4
Kidney Diseases;43
Carcinoma;3
Trifluoperazine;7
Celiprolol;20
Diarylheptanoids;3
Homovanillic Acid;1
Hemorrhagic Disorders;2
Hyperplasia;1
Antithyroid Agents;4
Drug Resistance, Neoplasm;17
Vitamin A Deficiency;1
Magnoliopsida;20
Colony Count, Microbial;3
Administration, Cutaneous;12
Nanostructures;2
Hospitals, Community;2
MAP Kinase Kinase 2;1
C-Peptide;1
MAP Kinase Kinase 1;1
Paeonia;7
Enteroendocrine Cells;3
Cefmenoxime;3
Animal Feed*;1
Addison Disease;2
Propranolol;17
Polymers;2
Volunteers;4
Surface-Active Agents;9
Glomerular Filtration Rate;2
Consciousness;1
Andrographis;9
Attitude to Health;15
Protective Agents;7
Arginine Vasopressin;1
Heart Valve Prosthesis;7
Pancreatitis;6
Sodium Selenite;3
Malathion;1
Fluorides;1
Sertraline;10
Head and Neck Neoplasms;3
Insulin Lispro;1
Allium;1
Mice, Nude;4
Fibrosis;2
Skin Neoplasms;1
Internet;19
Research Subjects;1
Energy Metabolism*;1
Public Health;5
Colforsin;1
Organic Chemicals;10
Patient Admission;2
Androstadienes;3
Protein-Energy Malnutrition;7
Fatty Acids, Monounsaturated;8
Humulus;2
Anisoles;3
Cytochrome P-450 CYP1A2 Inhibitors;19
Food Industry;2
Nitric Oxide Donors;1
Anaphylaxis;10
Ipomoea;1
Triiodothyronine;9
Norbornanes;3
CHO Cells;2
Length of Stay;2
Risperidone*;1
Pharmacy and Therapeutics Committee;1
Anti-Allergic Agents;31
Bone Density;6
Ketolides;1
Psoriasis;16
Captopril;14
Health;3
Arabidopsis;4
Centella*;2
Crystallization;2
Hexokinase;1
Glossitis;1
Formularies, Hospital;1
Medical Errors;1
Family Practice;5
Benzodiazepinones;3
Conservation of Natural Resources;1
Cocaine;3
Program Evaluation;3
Oxidoreductases;16
Lipopeptides;1
Phenytoin;77
Macular Degeneration;1
Indoleacetic Acids;4
Postoperative Hemorrhage;10
Diuresis;2
Primaquine;5
Indans;21
Cardiovascular Agents;56
Biological Transport, Active;10
Ganglionic Blockers;1
Monocarboxylic Acid Transporters;3
Patient Safety;7
Soy Foods;3
beta-Glucans;3
Caffeine;171
Acenocoumarol;15
Clinical Competence;13
Gels;3
Pregnancy Complications, Hematologic;1
Proliferating Cell Nuclear Antigen;1
Hematologic Agents;4
Alcoholic Beverages;22
Hypoxis;3
11-beta-Hydroxysteroid Dehydrogenases;2
Ovulation;3
Health Behavior;11
Thyroid Diseases;7
Streptococcus pneumoniae;2
Hospitals;1
Progestins;2
South Africa;8
Dextrorphan;2
Pharmaceutical Vehicles;6
Cytochrome P-450 CYP2D6 Inhibitors;19
Sodium Chloride Symporter Inhibitors;3
Malabsorption Syndromes;11
Organ Transplantation;4
Estrogen Receptor Modulators;3
Hydrogenation;1
Intestinal Absorption;382
Necrosis;3
Microbial Sensitivity Tests;13
Apigenin;7
Piperidines;77
Liver X Receptors;1
Jejunostomy*;1
Thallium Radioisotopes;2
Patch Tests;1
Quinuclidines;8
Myelodysplastic Syndromes;5
Cats;2
Sodium Chloride;5
Double-Blind Method;156
Heart Atria;2
Uruguay;1
Macrolides;8
Marijuana Abuse;1
Diabetic Neuropathies;1
Sulfuric Acid Esters;1
Helping Behavior;1
Penis;4
Rhodamine 123;6
Personality Inventory;2
Fluorescein;1
Fatty Acids, Nonesterified;5
Acupuncture Points;1
Neprilysin;2
Delayed-Action Preparations;176
Bone Remodeling;1
Health Education;2
Aloe;2
Protein Kinase Inhibitors*;8
Urologic Diseases*;1
Antiphospholipid Syndrome;2
Cinchona;1
C-Reactive Protein;4
Disease;3
Culture Techniques;2
Occupational Exposure;1
Thymidine;7
Labetalol;5
Specialties, Surgical;1
Nutrition Assessment;15
Chemistry Techniques, Analytical;3
Contraceptives, Oral, Synthetic;4
Pharmacopoeias as Topic;2
Mind-Body Therapies;2
Substance Abuse Detection;4
Mineralocorticoid Receptor Antagonists;7
Enterobacteriaceae;1
Rabbits;35
Acinetobacter Infections;2
Bisphenol A-Glycidyl Methacrylate;1
Transplantation*;1
Otorhinolaryngologic Diseases;1
Nursing Staff, Hospital;2
Peristalsis;1
Dentifrices;1
Tetracycline;14
Colonic Neoplasms*;2
Venlafaxine Hydrochloride;4
Histamine;7
Vitamin K*;5
Diet, Atherogenic;3
Nocturnal Enuresis;3
Matricaria;2
Models, Biological;113
Nutritional Support;9
Antidiuretic Hormone Receptor Antagonists;3
Azathioprine;1
Drosophila melanogaster;2
Carbon Radioisotopes;2
Benzothiazoles;7
Anacardiaceae*;2
Respiratory Insufficiency;1
Demography;4
Tegafur;5
Drug Approval;8
Alcohols;3
Osteoprotegerin;1
Dietary Proteins;63
Cloning, Molecular;1
Receptors, Adrenergic, beta;2
Food Additives;8
Epinephrine;2
Glucose Tolerance Test;6
Hydroxylamine;1
Chicago;1
Pulse;4
Freeze Drying;4
Plant Extracts*;14
Self-Assessment;1
Fibrocystic Breast Disease;1
Acebutolol;6
Dioxoles;12
Perioperative Period;1
High-Throughput Screening Assays;3
Outpatients;1
Deoxycytidine;29
Mannans;3
Food, Formulated*;4
Botswana;1
Fluorescent Antibody Technique;2
Biopterin;4
Lipoproteins, HDL;3
Colonic Neoplasms;15
Sciatic Neuropathy;4
Pueraria;5
Water;38
Nutritionists;1
Outcome Assessment (Health Care);2
Alanine Transaminase;7
Citrus sinensis;26
Healthy Diet;2
England;5
Nutritional Support*;1
Patient Dropouts;5
Aldehyde Dehydrogenase;2
Cobalt;2
Lipopolysaccharides;2
Stem Cells;1
Dextropropoxyphene;4
Guaiacol;3
Excitatory Postsynaptic Potentials;1
Cyclin-Dependent Kinase Inhibitor Proteins;2
Hemagglutinins;1
Albuterol;4
Carbonates;2
Raltegravir Potassium;3
Curcuma*;2
Spleen;2
Carbohydrate Metabolism;2
Tuberculosis*;1
Urban Health;1
Environmental Exposure;2
Ginkgolides;9
Receptors, Steroid;25
Magnetic Resonance Imaging;6
Maximum Tolerated Dose;10
Integrative Medicine;5
Numerical Analysis, Computer-Assisted;1
Cholesterol, Dietary;1
Urethritis;1
Anemia, Hypochromic;1
Chironomidae;1
Legislation, Food;7
Ipratropium;1
beta-Naphthoflavone;1
Nutrition Surveys;5
Cyclosporins;10
Garcinia mangostana;2
Plant Roots*;1
Rosaceae;1
Patient Discharge;1
Cell Membrane Permeability;11
Cyanides;1
Cyclosporine;124
Griseofulvin;20
Spectroscopy, Fourier Transform Infrared;4
Education, Pharmacy, Continuing;1
Picrates;1
North Dakota;1
Faculty;1
Edema;14
Cytochrome P-450 CYP2E1 Inhibitors;6
Insecticides*;1
Vasoconstriction;1
Africa South of the Sahara;2
Estramustine;2
Glucuronates;6
Cordyceps;2
Chromatography;1
Receptors, Opioid, mu*;3
Methylene Chloride;1
Dental Hygienists;1
Bipolar Disorder;18
3',5'-Cyclic-GMP Phosphodiesterases;3
Referral and Consultation;5
Isradipine;1
Self Care;10
Nanotechnology;2
Nervous System Diseases;4
Mesalamine;8
Rhodiola;7
Pharmacy Administration*;4
Yohimbine;2
Goats;2
Humans;3762
Neuropeptides;1
Lipase;2
Patient Advocacy;1
Chlorobenzenes;3
Saquinavir;31
Tannins;5
Phenylephrine;5
Guanine Nucleotides;2
Physicians, Primary Care;1
Radioligand Assay;3
Meals;8
p38 Mitogen-Activated Protein Kinases;1
Powders;12
HIV Fusion Inhibitors;3
Hyphema;1
Pain, Postoperative;3
Binge Drinking;1
Flour;1
Beta vulgaris;1
Radiation-Sensitizing Agents;5
Alprazolam;14
Medication Adherence;17
Chemistry;2
Blood Coagulation Tests;4
Sesame Oil;3
Calorimetry;1
Schilling Test;1
Salvia;1
BRCA1 Protein;1
Intestinal Neoplasms;1
Fluoroquinolones;29
Fluid Therapy;1
Vascular Endothelial Growth Factor A;1
Anesthesia*;1
Nigella sativa;5
Ceftizoxime;18
Prothrombin Time;29
Calcineurin;1
Dextromethorphan;34
Urban Population;6
Magnesium Hydroxide;8
Pneumococcal Vaccines;1
Sulfonamides*;6
Glucuronic Acid;2
Ghrelin;1
Aza Compounds;4
Plant Physiological Phenomena;1
Gastrointestinal Contents*;1
Nurse Clinicians;2
Cholesterol, VLDL;1
Mastitis;1
Ketoconazole;34
Hypothalamus, Middle;3
Clavulanic Acids;3
Prunus persica;1
Static Electricity;2
Hibiscus;7
Energy Intake;31
Proto-Oncogene Proteins c-akt;3
Immobility Response, Tonic;1
Serum Albumin;15
Acitretin;2
Diagnostic Techniques and Procedures;1
Tacrolimus;50
Artemisinins;26
Vaginal Diseases;1
NF-E2-Related Factor 2;2
Health Maintenance Organizations;1
Electroconvulsive Therapy;1
Protein Biosynthesis;2
Peptide Fragments;8
Lung;4
Cellulose;8
Commerce;3
Oxides;5
Osmosis;3
Clomipramine;2
Allyl Compounds;9
Narcotic Antagonists;9
Hepatitis;3
Jejunum;23
Th1 Cells;2
Joint Commission on Accreditation of Healthcare Organizations;5
Berberine Alkaloids;7
Alpinia;2
Body Mass Index;10
Microelectrodes;1
Economics, Pharmaceutical;1
Phalloidine;1
Thiamine Deficiency;3
Signal Transduction;7
Leukopenia;5
Violence;1
Drug Chronotherapy;2
Pharmacovigilance;7
Plants;3
Sodium-Glucose Transporter 2;4
Consensus;2
Creativity;1
Carthamus tinctorius;2
Buprenorphine;4
Soft Tissue Neoplasms;3
Prolactin-Releasing Hormone;2
Brain Chemistry;4
Enzyme Activation;8
Consumer Advocacy;1
Liver Transplantation*;1
Hydroxytryptophol;1
Facial Muscles;1
Area Under Curve;684
Isoquinolines;16
Stereoisomerism;41
Meaningful Use;1
Transplant Recipients;2
Hemorrhage;56
Carcinogenesis;4
Lepidium sativum;3
Empirical Research;1
Antifibrinolytic Agents;9
Calcineurin Inhibitors;5
Specialization;2
Bacteria;10
Population;3
Thiourea;1
NADP;7
Seasons;2
Alcoholic Intoxication;10
Protein Structure, Tertiary;1
Paroxetine;6
Congresses as Topic;1
Dinitrophenols;2
Antibodies, Monoclonal;1
Hypoglycemia;5
Anticoagulants*;25
Antiretroviral Therapy, Highly Active;11
Norgestrel;3
Injections;4
Spirulina;2
Sterol O-Acyltransferase;3
Selective Estrogen Receptor Modulators;5
Nicardipine;5
Castor Oil;2
Platelet Activation;1
Biomphalaria;3
Radionuclide Imaging;10
Benzamides;36
Receptors, Aryl Hydrocarbon;10
Research Design;16
Pargyline;3
Gastrostomy;7
Saponins;29
beta-Cyclodextrins*;2
Desogestrel;3
Age Distribution;2
Nutritive Value;10
Levonorgestrel;4
Rubus;1
Drug Hypersensitivity;11
Electric Countershock;1
Quinolones;34
Societies, Medical;1
Ubiquinone;7
Spiritual Therapies;1
Proto-Oncogene Proteins c-abl;1
Biogenic Amines;3
Social Isolation;1
Tretinoin;16
Exploratory Behavior;4
Oxytocin;2
Down-Regulation;5
Cecum;1
Leukemia, Myelogenous, Chronic, BCR-ABL Positive;7
Hydrocharitaceae;2
Ileum;16
Cardiotonic Agents;29
Docosahexaenoic Acids;6
Butanones;4
Pyrrolidinones;11
Guanosine 5'-O-(3-Thiotriphosphate);1
Troponin I;1
Sulfobromophthalein;1
Lectins;2
Calorimetry, Differential Scanning;2
Terpenes;16
Medicine, Kampo;11
Adrenergic Uptake Inhibitors;3
Genistein;8
Fagopyrum;1
Plant Poisoning;1
Retinoids;3
Hexuronic Acids;2
National Institutes of Health (U.S.);1
Nicotinic Agonists;3
Chemical Phenomena;12
Glycosides;12
Pelargonium;1
Chlorpropamide;5
Acinetobacter;2
Lactobacillus rhamnosus;1
Carbohydrate Sequence;3
Promoter Regions, Genetic;2
Umbilical Veins;1
Safety Management;3
Geriatric Nursing;1
Pharmacology;7
Reticulocytes;1
Pharmacogenomic Testing;1
Ofloxacin;27
Practice Patterns, Physicians';3
Rheumatic Heart Disease;1
Uterine Hemorrhage;1
RNA, Viral;1
Protein Binding;42
Miocamycin;1
Los Angeles;1
Cholecystokinin;1
Grape Seed Extract;1
NIH 3T3 Cells;1
Papua New Guinea;2
GABA Modulators;6
Aluminum;23
Fat Emulsions, Intravenous;7
Pregnancy Complications;11
Stress, Physiological;1
Adenosine Triphosphate;7
Physical Endurance;2
Eye;1
Taxoids;15
Cytochrome P-450 CYP2E1;23
Solid Phase Extraction;3
Nelfinavir;14
Inulin;2
Pyrrolidines;36
Enteritis;2
Neutropenia;5
Cytochromes b5;1
Scutellaria;1
Proton Pump Inhibitors;36
Febuxostat;2
Africa;3
Methyl Ethers;1
Edetic Acid;2
Pentoxifylline;4
Administration, Intravenous;5
Fatty Acids, Unsaturated;7
Drug Liberation;10
Purinergic P2Y Receptor Antagonists;2
Running;1
Carrageenan;5
Cytochrome P-450 CYP2D6;41
Diabetic Angiopathies;1
Neoplasm Transplantation;3
Loperamide;2
Anesthesia, General;4
Confidence Intervals;18
Growth;2
Calcitriol;2
Unnecessary Procedures;1
Washington;3
Serum Albumin, Human;2
Decapoda (Crustacea);1
Drug Carriers;20
Food Additives*;1
Trichlorfon;4
Tonsillitis;1
Antibodies, Monoclonal, Humanized;1
Polysaccharides;7
Phytohemagglutinins;1
Dietary Services;4
Paclitaxel;17
Early Growth Response Protein 1;1
Adult;1553
Retrospective Studies;30
Areca;2
Reproducibility of Results;66
Prodrugs;58
Driving Under the Influence;1
Neurons;12
Pulmonary Disease, Chronic Obstructive;2
Gene Expression Regulation;20
Phytosterols;9
Clinical Trials as Topic;120
Tamoxifen;18
Embolism;1
Nifedipine;112
Spectrophotometry, Atomic;3
Famotidine;4
Health Surveys;11
Canagliflozin;5
Biopsy;3
Reagent Kits, Diagnostic;1
Splanchnic Circulation;4
STAT3 Transcription Factor;2
Lansoprazole;6
Alkalosis;1
Kava;38
Soybeans;14
Tubulin Modulators;8
Phloroglucinol;20
Skin Care;1
Immersion;1
North America;2
Sampling Studies;3
Heart Ventricles;3
Polypharmacy;27
Health Services Accessibility;1
Fat Substitutes;5
Maintenance Chemotherapy;1
Risperidone;1
Rheumatic Diseases;5
Aegle;1
Fenbendazole;1
Colombia;1
Disease Susceptibility;2
Environmental Pollutants;9
Placebo Effect;2
Pentacyclic Triterpenes;5
Self Report;2
Rauwolfia;1
Drugs, Generic*;2
Erythromycin;32
Blotting, Western;15
Fatty Liver;3
Adrenergic beta-Agonists;8
Gastrointestinal Diseases;23
Self Concept;2
Receptors, Progesterone;2
Rhodamines;1
Penicillins;5
Receptors, Dopamine D2;3
Animals, Inbred Strains;1
Conditioning, Operant;2
Substance-Related Disorders;6
Aryl Hydrocarbon Hydroxylases;119
Lupus Coagulation Inhibitor;1
Residence Characteristics;2
Ionomycin;2
Cricetulus;1
Respiratory Syncytial Virus, Human;2
Rutaceae;2
Molecular Sequence Data;6
B-Lymphocytes;4
Diet Records;5
Hydroxyurea;4
Transplantation;4
Blood Bactericidal Activity;1
Intracranial Hemorrhages;5
Diosmin;1
Street Drugs;1
Epimedium;2
Reproduction;2
Electrophoresis, Capillary;3
Exercise Test;1
Catalase;3
Prostaglandin-Endoperoxide Synthases;4
Infertility, Male;1
Arterial Occlusive Diseases;1
Polymerase Chain Reaction;2
Hypokalemia;6
Surveys and Questionnaires;94
Sexual Maturation;1
Sciatica;1
Brain Death;1
Catechin;53
Medicare;2
Feeding Behavior;17
Swine Diseases;1
Body Temperature;7
Rotation;1
Esterification;2
Enteral Nutrition*;1
Cantharidin;1
Clove Oil;1
ATP-Binding Cassette Transporters;28
Diet, Diabetic;1
Microfilament Proteins;1
Monosaccharide Transport Proteins;2
gamma-Linolenic Acid;1
Zimbabwe;1
Ovum;2
Trichloroethanes;2
Porosity;2
Pain Measurement;9
Glucocorticoids;2
Diastole;2
Menopause;9
Hospitals, Pediatric;2
Insecticides;9
Phaseolus;1
Folic Acid Deficiency;2
Cytosol;2
Rivaroxaban;10
Vitamin A;9
Audiovisual Aids;1
Diet, Vegetarian;9
Rheum;2
Hepatitis, Chronic;1
Vitamin D;13
Brain Injuries;6
Vitamin E;9
Metabolic Syndrome;10
Cresols;4
Feces;10
Atrial Fibrillation;34
Mexican Americans*;1
Vitamin K;128
Erectile Dysfunction;7
Cathepsin K;1
Prostatic Neoplasms, Castration-Resistant;7
Indazoles;7
Body Temperature Regulation;1
Cathepsin G;1
Ukraine;1
Ear, Inner;1
Prazosin;2
Myocardial Infarction;21
Quercetin;38
Pulmonary Fibrosis;1
National Institute of Allergy and Infectious Diseases (U.S.);1
Jamaica;2
Monte Carlo Method;2
Arsenic;1
Urinalysis;1
Glass;1
Bicarbonates;7
Abdominal Pain;3
Coffee;29
Depressive Disorder, Treatment-Resistant;6
Sulpiride;1
Sinusitis;3
Middle East;3
Nanoparticles;10
Personnel Staffing and Scheduling;1
Cryptocarya;1
Coronary Disease;12
Sesquiterpenes;18
Lead;1
Muscle Relaxants, Central;18
Nitriles;39
Drug Therapy, Combination*;1
Cholic Acid;1
Magnesium Deficiency;1
Myocardial Contraction;4
Pneumonia, Aspiration;1
Electrophoresis, Polyacrylamide Gel;4
Neoplasm Recurrence, Local;1
Brachyura;1
Linear Models;30
Abscisic Acid;1
Hydrodynamics;2
Epithelial Cells;6
Receptors, Adrenergic, alpha-2;1
Gram-Positive Bacteria;1
Alzheimer Disease;6
Thyroid Gland;6
Diketopiperazines;1
Pre-Exposure Prophylaxis;1
Citrus;250
Parkinson Disease;54
Hydroxysteroid Dehydrogenases;2
Papaver;2
Nelumbo;1
Platelet Count;2
Multi-Institutional Systems;1
Choline;6
Utilization Review;1
Nitrophenols;3
Recommended Dietary Allowances;1
Umbelliferones;1
Crosses, Genetic;1
Charcoal;2
Cytochrome P-450 CYP2A6;2
Carbolines;7
Akathisia, Drug-Induced;1
Dyslipidemias;7
Cholecystectomy, Laparoscopic;1
Glucuronidase;6
Medicine, Chinese Traditional*;4
Antidepressive Agents*;3
Phylogeny;1
Hydroxyeicosatetraenoic Acids;1
Diet, Reducing;5
HIV Integrase Inhibitors;14
Tissue Distribution;36
Phenylethyl Alcohol;2
Allied Health Personnel;1
Salmonella enterica;1
Acorus;1
Progesterone Congeners;3
Mitochondria, Heart;2
Daphnia;3
Quinic Acid;1
Cyclic AMP-Dependent Protein Kinases;1
Accidental Falls;1
Jurkat Cells;1
Antirheumatic Agents;24
Sulfur Radioisotopes;2
Dextroamphetamine;8
Hypothyroidism;16
Sodium Chloride, Dietary;5
Eosinophilia;3
Centers for Disease Control and Prevention (U.S.);1
American Heart Association;1
Short Bowel Syndrome;3
N-Methyl-3,4-methylenedioxyamphetamine;2
Amodiaquine;6
Stress, Psychological;1
Human Growth Hormone;1
Tomography, Emission-Computed;2
Water Intoxication;1
Flax;3
Cholesterol Ester Transfer Proteins;3
Ethiopia;1
Kaolin;2
Cytochrome P-450 CYP2C9;48
Oximes;3
Cytochrome P-450 CYP2C8;5
Amines;17
Nitrazepam;6
Hydrogen;1
Benzoxepins;2
Electrophysiology;2
Staphylococcus;2
DNA, Plant;3
Pakistan;1
Cephalosporins;31
Triazoles;80
Ribose;3
Orosomucoid;1
Neuritis;1
Curcumin;26
Cyclin E;1
Neural Networks (Computer);1
Psychomotor Performance;22
Fenoprofen;1
Biocatalysis;2
Animals, Genetically Modified;1
Cimetidine;14
Topotecan;3
Glipizide;2
Rutin;10
Coronary Artery Disease;1
Costus;1
Vaccinium macrocarpon;36
Research Support as Topic;1
Lactose;7
Monocytes;1
Hymecromone;9
Nova Scotia;1
Menopause*;3
Proteomics;1
Alfentanil;5
Nutritional Sciences;5
Cytochrome P-450 CYP2B1;4
Drug Monitoring;78
Spectrophotometry;4
Cytochrome P-450 CYP2B6;8
Taurodeoxycholic Acid;1
Anencephaly;1
Doxazosin;3
Interferon-beta;5
Holarrhena;1
Cyclooxygenase Inhibitors;16
Depression, Chemical;4
Heterocyclic Compounds, 1-Ring*;4
Hypersensitivity, Immediate;2
Receptors, Calcium-Sensing;3
Pica;1
Renal Insufficiency;3
Acetamides;33
Acetylation;2
Quality Control;13
Coptis;1
Osteoporotic Fractures;5
Bornanes;15
Micronuclei, Chromosome-Defective;1
Butylene Glycols;1
Toothpastes;2
Medicine, Chinese Traditional;58
Blood Platelets;18
Sodium Channels;1
Membranes, Artificial;1
Terminology as Topic;2
Listeria monocytogenes;2
Enteral Nutrition;99
California;2
Magnolia;1
Gastrectomy;1
Molecular Dynamics Simulation;3
Crown Ethers;7
Cross-Over Studies;740
Hydromorphone;19
Tuna;4
Hypertension, Renovascular;1
Ampicillin;23
Pentobarbital;8
Neomycin;2
Steroid 17-alpha-Hydroxylase;3
Methylphenidate;21
Interferons;3
Cercopithecus aethiops;1
Infant;35
Amides;13
Spouses;1
alpha-Tocopherol;1
Anesthesia, Intravenous;1
Dopamine Agonists;20
Heterocyclic Compounds, 4 or More Rings;4
Dermatologic Surgical Procedures;1
Thapsigargin;2
Lettuce;2
RNA Splicing;1
Glutathione Peroxidase;5
Sleep Stages;4
Social Behavior;1
Membrane Potential, Mitochondrial;2
Triazolam;23
Estriol;3
Peroxides;4
Cefixime;2
Ribosome Inactivating Proteins, Type 2;1
Arecaceae;1
Amidines;4
Mutation*;1
CD-ROM;1
Medicine;1
Organic Anion Transporters;93
Anxiety Disorders;8
Delta Sleep-Inducing Peptide;2
Thyroid Nodule;1
Sambucus;2
Outpatient Clinics, Hospital;3
Appetite Stimulants;6
Bone and Bones;4
Hypoxia-Ischemia, Brain;1
Protein-Serine-Threonine Kinases;1
Trimethoprim;1
Tin Fluorides;4
Tetrazoles;54
Rabeprazole;10
Chlorpromazine;3
Chenodeoxycholic Acid;1
Buspirone;14
Aspidosperma;1
Dopamine Plasma Membrane Transport Proteins;1
Hydroxocobalamin;2
Medication Errors;6
Trees;2
Pancreatin;1
Dasatinib;1
Flushing;1
Adrenergic alpha-Agonists;7
Gilbert Disease;1
Cat's Claw*;1
Phenoxyacetates;2
Food Labeling;3
General Practitioners;2
False Negative Reactions;4
Anti-HIV Agents;121
Evidence-Based Medicine;54
Radiotherapy;4
Sequence Analysis, DNA;1
Temperament;1
Hand;1
Naphthalenes;15
Cattle Diseases;1
Time Perception;1
Sex Hormone-Binding Globulin;1
Protein Kinase Inhibitors;81
Adsorption;6
Consumer Behavior;1
Sepsis;2
Adjuvants, Anesthesia;1
Animal Feed;12
Activation, Metabolic;3
Seeds;21
Streptozocin;1
Thebaine;1
Lipids;13
PPAR alpha;1
Receptors, Cell Surface;1
Advisory Committees;1
Enzyme Multiplied Immunoassay Technique;1
Arthritis, Juvenile;1
Bupropion;10
Mutagenicity Tests;2
Granulocyte Colony-Stimulating Factor;1
Anti-Inflammatory Agents, Non-Steroidal*;3
Angiotensin II;1
Genes, Reporter;4
Dopamine Uptake Inhibitors;1
Korea;3
Hypervitaminosis A;1
Treatment Outcome;118
Plant Cells;1
Rural Health;1
Lymphoma;6
Gene Expression Regulation, Enzymologic;11
Dental Caries;1
Vitamin B Complex;6
Linoleic Acid;1
Nortropanes;8
Satiation;1
Enterohepatic Circulation;2
Single-Blind Method;18
Neuromuscular Agents;1
Pediatrics;4
Molecular Probe Techniques;1
History, 21st Century;4
Arsenicals;6
Receptors, LDL;1
Thinking;2
Sudan;1
Statistics as Topic;4
Glucose;4
Piperidones;5
Anemia, Aplastic;1
Dermatitis;2
DNA, Bacterial;1
Specimen Handling;6
Toxicology;8
Vitamin B 6;1
Treatment Failure;5
Calcium Radioisotopes;1
Fibrinogen;1
Bone Marrow Transplantation;2
Receptors, Purinergic P2Y12;1
Phytotherapy;529
Meat Products;4
Tribulus;2
Medication Systems, Hospital;1
Sorbic Acid;4
Physical Exertion;1
Biodegradation, Environmental;1
Esthetics;1
Norfloxacin;4
Prescription Drugs*;3
Trimetazidine;3
Set (Psychology);1
Blueberry Plants;3
beta-Cyclodextrins;8
Muramidase;2
Receptor, Insulin;1
Taiwan;10
Ginkgo biloba*;4
Receptors, Prostaglandin;2
Hand-Foot Syndrome;1
Cryptoxanthins;1
Dopamine D2 Receptor Antagonists;2
Opuntia;1
Evaluation Studies as Topic;5
Antiparasitic Agents;18
Blood Pressure;96
Oxygenases;4
Valsartan;3
Vegetables*;2
Leukemia;3
Evoked Potentials;1
Interprofessional Relations;2
Structure-Activity Relationship;17
Stavudine;2
Marsdenia;1
Rosa;2
Tetrazolium Salts;1
Antimalarials*;6
Carcinogens;8
Vietnam;2
Benzazepines;13
alpha-Amylases;1
Lymphatic Vessels;1
Mitral Valve Insufficiency;2
Oenothera;1
Lycopersicon esculentum;1
Proto-Oncogene Proteins;3
Intestine, Small;54
Cyclopropanes;9
Graft Survival;1
Sesquiterpenes, Germacrane;1
Plant Bark;5
Delayed Rectifier Potassium Channels;1
Urban Health*;1
Cyclin-Dependent Kinase Inhibitor p27;1
Cyproheptadine;3
Chondroitin Sulfates;2
Hypertriglyceridemia;1
Autoimmune Diseases;5
Self-Injurious Behavior;2
Cytochrome P-450 CYP2C9 Inducers;2
Drug Residues;3
Automobile Driving;2
Coumaric Acids;8
Clinical Trials as Topic*;1
Lipoprotein Lipase;1
Hematologic Diseases;3
Evidence-Based Practice;4
Hyperaldosteronism;1
Cyclohexanols;6
Capsaicin;19
Wheat Hypersensitivity;2
Leukocytes;1
Dehydration;1
Maternal Exposure;2
Proteins;5
Receptor, PAR-1;1
Breast Neoplasms*;2
Ecosystem;2
beta-Glucosidase;1
Acetonitriles;1
Plantago;3
Electrocardiography;30
Gangrene;1
Models, Animal;16
Mitoxantrone;4
Medicaid;1
Steroid Hydroxylases;5
Syk Kinase;2
Drug Resistance, Fungal;1
Glucosephosphate Dehydrogenase;1
Nortriptyline;4
Atovaquone;7
Polygonaceae;1
Trientine;4
Energy Drinks;1
Fetal Weight;1
Lipid Metabolism;6
Materials Testing;1
Medicago;1
Parenteral Nutrition, Home;1
Functional Food;4
Cytochrome P-450 Enzyme System;388
Regression Analysis;12
Carica;3
Muscle Contraction;2
Guideline Adherence;3
Cerebral Infarction;1
Aporphines;1
Cyclooxygenase Inhibitors*;2
Sugar Alcohol Dehydrogenases;3
Dog Diseases;1
Dermatitis, Contact;1
Hemorrhoids;1
Toxicity Tests;4
Peripheral Nerve Injuries;1
Diabetes Complications;5
Nurse Practitioners;7
Telephone;1
Mycobacterium smegmatis;1
Macrophages;6
Hydrocortisone;25
Misoprostol;2
Case-Control Studies;12
Marketing;2
1-Naphthylisothiocyanate;1
Sulindac;2
Diuretics;30
Isotope Labeling;1
Strychnine;2
Equisetum;2
HIV Infections*;2
Garcinia cambogia;2
Medicine, Ayurvedic;12
Hand Dermatoses;2
Hypolipidemic Agents;26
Amitriptyline;14
Vaccinium macrocarpon*;2
Cerebrospinal Fluid;1
Clonazepam;4
Dermatologic Agents;17
Food Preservation;3
Tachycardia;4
Rehmannia;1
Amphotericin B;4
Serum Albumin, Bovine;7
raf Kinases;1
Dexmedetomidine;1
BRCA2 Protein;1
Uganda;5
Pharyngitis;3
Hypertension, Malignant;5
Digoxin;82
Thyroid Function Tests;1
Clinical Laboratory Techniques;3
Rilpivirine;5
Middle Aged;861
Ephedrine;17
Dapsone;3
Arrhythmias, Cardiac;23
Technetium;3
Gastric Mucosa;17
Blood;2
Cinnarizine;10
Cytochrome P450 Family 2;7
Ophiopogon;1
Drug Interactions;633
4-Aminopyridine;6
Time Factors;228
Enalapril;13
Cytochrome P450 Family 4;2
Tea*;5
Hepatolenticular Degeneration;3
Diterpenes, Abietane;14
Netilmicin;2
Diabetes, Gestational;3
Solvents;14
Tranylcypromine;17
HCT116 Cells;2
Pharmaceutical Preparations, Dental;2
Niacin;3
Surgery, Plastic;3
Survival Analysis;2
Acute-Phase Reaction;1
Cytochrome P-450 CYP1B1;2
Milk, Human;2
Shock;3
Water Pollutants, Chemical;2
Phenelzine;10
Coprinus;5
South Australia;1
CCAAT-Enhancer-Binding Proteins;1
Hip Joint;1
Daunorubicin;5
Vigabatrin;1
Milk Proteins;3
Cardiovascular Nursing;1
Mass Spectrometry;43
Swine, Miniature;3
Spinal Dysraphism;1
Samarium;1
Republic of Korea;11
Nipecotic Acids;2
Cardiac Glycosides;2
Stroke;19
Oximetry;1
Xenopus laevis;9
Monoamine Oxidase Inhibitors;142
Probability;3
Hydrocarbons, Fluorinated;2
Randomized Controlled Trials as Topic;43
Cross Reactions;3
Severe Acute Respiratory Syndrome;1
Brassica;6
Morinda;3
Echinocandins;2
Tiopronin;3
Administration, Topical;4
Dysmenorrhea;1
Meningioma;2
Flicker Fusion;3
Niflumic Acid;2
Transferrin;1
Renal Agents;4
Administration, Sublingual;3
Receptors, Dopamine;2
Drug Resistance, Multiple;9
Diphtheria-Tetanus-acellular Pertussis Vaccines;1
Vitex*;1
Phospholipases A2;2
Receptors, Cytoplasmic and Nuclear;10
Basidiomycota;1
Polyunsaturated Alkamides;13
Learning;1
Health Services Needs and Demand;8
Receptors, Parathyroid Hormone;3
Ginsenosides*;3
Gelatin;4
Stomach Diseases;4
Sciatic Nerve;1
Busulfan;1
Glutamates;2
Imaging, Three-Dimensional;2
Aldehyde Oxidase;5
Infant, Low Birth Weight;1
Sarcoidosis, Pulmonary;1
Renal Insufficiency, Chronic;9
Malaria;9
Maternal-Fetal Exchange;2
Breeding;1
Genotype;34
Antibiotics, Antineoplastic;7
Pyridines*;3
Mycophenolic Acid;11
Quinine;13
Metalloproteins;2
Patents as Topic;1
Gymnema sylvestre;2
Benserazide;6
Imidazolines;3
Immunosuppression;1
Alopecia;3
Ethnopharmacology*;1
Acetamides*;3
Mephenytoin;1
Poisoning;3
Community Health Nursing;3
Indomethacin;6
Recognition (Psychology);1
Pyrans;7
Nevirapine;14
Anti-Inflammatory Agents;29
Protease Inhibitors;12
Colloids;2
Adrenergic alpha-1 Receptor Agonists;1
Blood-Brain Barrier*;2
Aminoglycosides;1
Depression, Postpartum;1
Monoamine Oxidase Inhibitors*;3
Russia;3
Nebraska;1
Benzyl Alcohols;2
Receptors, Platelet-Derived Growth Factor;1
Pain;28
Cytarabine;2
Chlorthalidone;3
Glycated Hemoglobin A;1
Valerian;21
Insurance, Health;1
Risk Reduction Behavior;1
Onions;2
Gastrointestinal Microbiome;2
Drug Therapy;24
Adenine;44
Depression;43
Cachexia;4
Mice, Inbred ICR;13
Ambulatory Care;1
Cortisone;4
Heart Valve Diseases;2
Pressoreceptors;1
Phosphorus, Dietary;1
Reinforcement Schedule;1
Hepatitis, Alcoholic;3
Cyclamates;1
Dogs;77
Platelet Aggregation Inhibitors;88
Policy Making;1
Diterpenes;19
Physical Examination;1
Lumbar Vertebrae;1
Hematoma, Epidural, Cranial;2
Pharmacokinetics;105
Chemokines;1
Indonesia;2
Manganese;1
Xenopus;2
Oxidative Stress;17
Diterpenes, Kaurane;2
Ouabain;2
Parents;2
Professional Role;2
Lyases;1
Ginger;21
Adenosine A2 Receptor Antagonists;3
Torsades de Pointes;5
Purines;29
Microspheres;2
Salicylic Acid;8
Immune System;1
Fallopian Tube Neoplasms;2
Nitroglycerin;4
Grifola*;1
Transcription, Genetic;2
Methotrexate;29
Binding Sites;18
Aortic Valve;3
Dexlansoprazole;1
Bifidobacterium;1
Hydrochloric Acid;3
Diabetic Nephropathies;7
Nitric Oxide Synthase Type III;1
Carbamazepine;52
Gentamicins;3
Malondialdehyde;2
Hypogonadism;2
Centella;4
Phytochemicals;10
Turkey;4
Periodontitis;1
Cations, Divalent;1
Hospitals, General;1
Pharmacy;1
Ranitidine;11
Methyldopa;1
Mice;98
Serotonin Uptake Inhibitors;56
Large-Conductance Calcium-Activated Potassium Channels;1
Dextran Sulfate;1
Liver Transplantation;6
General Surgery;2
Rifamycins;4
Oxytetracycline;5
Delphi Technique;1
Mannitol;2
Thyroxine;33
Interviews as Topic;5
Propofol;3
Malnutrition;12
Nociception;1
Liver Function Tests;7
Alcohol Oxidoreductases;4
Propantheline;2
Excipients;25
TRPV Cation Channels;5
Sri Lanka;1
Dibenzazepines;9
Ergot Alkaloids;2
Disclosure;4
Microscopy, Electron;2
Vitamins;54
S-Adenosylmethionine;2
Homozygote;2
HIV;1
Snails;1
HIV*;1
Prostaglandins E;1
Sapindaceae;1
Liposomes;3
Theaceae;1
Immunohistochemistry;3
Proglumide;3
Recurrence;7
Prospective Studies;53
Sensory System Agents;5
Vitamin D Deficiency;3
Obsessive Behavior;1
Free Radical Scavengers;6
Reaction Time;12
Tranexamic Acid;3
Affect;6
Naproxen;29
Baclofen;1
Discrimination (Psychology)*;1
Pronase;1
Task Performance and Analysis;1
Liver Neoplasms, Experimental;2
Proanthocyanidins;3
Basic Helix-Loop-Helix Transcription Factors;2
Acute Disease;14
Bortezomib;1
Glucose Transporter Type 4;2
Psidium;1
Japan;13
Clinical Nursing Research;2
Pyrimethamine;3
Patients;4
Phospholipids*;2
Membrane Transport Modulators;10
Platelet Aggregation Inhibitors*;5
European Continental Ancestry Group*;1
Heart Block;4
Placenta;4
Nimodipine;6
Protein Isoforms;4
Urologic Diseases;1
Cytoskeleton;3
Pharmaceutical Preparations;187
Software;9
Diglycerides;1
Hemodynamics;19
Geriatrics;3
Sperm Motility;1
HIV-1;14
Quinolines;47
Hospital Costs;1
Swertia;3
Pentagastrin;4
Sympatholytics;1
Bacillus subtilis;2
Venous Thrombosis;14
Anti-Infective Agents;111
Geologic Sediments;2
Osteoporosis, Postmenopausal;8
Diagnostic Errors;1
Oxonic Acid;4
Vitamin K 2;1
Vitamin K 1;12
Blood Volume;1
Cytochrome P-450 CYP1A2;62
Palmitic Acid;1
Transcytosis;1
Cytochrome P-450 CYP1A1;19
Diet Therapy;1
Proto-Oncogene Proteins B-raf;2
Colesevelam Hydrochloride;1
Virus Diseases;3
Aesculus;1
Mandelic Acids;4
Epigenomics;1
Food Storage;1
Clozapine;43
Geriatric Psychiatry;1
Cathartics;5
Asian Continental Ancestry Group;48
Sequence Alignment;1
Histamine Antagonists;2
Iridoid Glycosides;1
Phenylketonurias;1
Programmed Cell Death 1 Receptor;2
Tobramycin;3
Ondansetron;5
Foeniculum;1
Salmonella enteritidis;1
Abortion, Spontaneous;2
Domperidone;3
Solitary Pulmonary Nodule;2
Diet, Mediterranean;1
Cerebral Cortex;3
Mice, 129 Strain;1
Oxidoreductases, N-Demethylating;30
Cholic Acids;2
Central Nervous System Diseases;5
Acaricides;3
Legislation, Food*;1
Silicon Dioxide;3
Linoleic Acids;3
Atazanavir Sulfate;7
Aldehyde Oxidoreductases;3
Pathology, Clinical;1
Anxiety;17
Cell Culture Techniques;6
Antinematodal Agents;4
Cefaclor;8
Milk;51
Cat's Claw;2
Ephedra sinica;2
Anti-Inflammatory Agents, Non-Steroidal;148
Medication Reconciliation;1
Risk Factors;129
Calcium Sulfate;1
Solubility;138
Pyrimidinones;25
Drug Tolerance;13
Aromatherapy*;1
Lutein;2
1-Methyl-3-isobutylxanthine;1
Rumen;2
Thiazines;8
Genetic Markers;2
Substance Withdrawal Syndrome;7
Islam;1
Leptin;1
Unsafe Sex;2
Pain Threshold;4
Gastric Emptying*;1
Natriuresis;1
Erythrocyte Count;2
Bile;17
Radiation-Protective Agents;2
Polyethylenes;1
Professional-Patient Relations;10
Alkenes;1
Nurse's Role;16
Narration;2
Airway Obstruction;1
Ginger*;1
Phenylpropionates;11
Lithium;15
Antidepressive Agents;98
Dideoxynucleosides;5
Estradiol;26
Cyclohexanes;19
Spectrometry, Mass, Electrospray Ionization;19
Transfection;11
Renin-Angiotensin System;3
Blood Specimen Collection;2
Pregnancy Trimesters;1
Pregnanediol;4
Attitude of Health Personnel;17
Cinnamomum zeylanicum*;1
Interferon-gamma;1
Gastrointestinal Absorption;13
Zea mays;5
Duodenum;21
Drug Stability;32
Skin Diseases;7
Reinforcement (Psychology);3
Resins, Plant;2
Antiviral Agents;80
Lactates;9
Cuba;1
Patient Acceptance of Health Care;26
Cluster Headache;3
Bromides;3
Isotretinoin;8
Margarine;1
Ceftizoxime*;1
Lidocaine;3
Oenanthe;1
Malvaceae;4
Gonanes;2
Electron Transport Complex I;1
Liver;268
Escherichia coli;15
Adrenal Cortex Hormones;5
Rats, Long-Evans;4
Erythrocytes;11
Metals, Heavy;3
Amiodarone;27
Achyranthes;1
Dietary Fats, Unsaturated;2
Skin Aging;2
Aspartic Acid;1
Behavior Control;1
Plant Lectins;3
Saccharin;4
Oxazoles;8
Obsessive-Compulsive Disorder;2
Wakefulness;3
Microarray Analysis;2
Databases, Protein;2
Mental Status Schedule;1
Canthaxanthin;2
Dietary Sucrose;10
Spectrum Analysis;2
Postoperative Complications;9
Cyclopentanes;2
Phlorhizin;1
Epidemiologic Studies;3
Bone Resorption;5
Hydroxylation;28
Cerebral Hemorrhage;6
Solanum tuberosum;1
Soybean Proteins;7
Alnus;1
Rosuvastatin Calcium;13
Arthroplasty, Replacement, Hip;4
Gastroesophageal Reflux;3
Walking;2
Ethnopharmacology;6
Vaccinium;1
Gram-Positive Bacterial Infections;2
Adolescent;314
Vardenafil Dihydrochloride;3
Pharmacists*;3
RNA, Small Interfering;1
Cell Phone;1
Dementia;8
Smoking;12
Viscosity;12
Guidelines as Topic;16
Tripterygium;4
Disabled Children;1
Crohn Disease;3
Food Microbiology;4
Capsules;92
Ultrafiltration;3
Epirubicin;1
Eurycoma;1
Garcinia mangostana*;1
Inservice Training;1
Neuropeptide Y;3
Cues;1
Doxepin;2
Evidence-Based Nursing;1
Nitrendipine;6
Premenopause;2
Transferases;2
Etoposide;8
Serine Proteinase Inhibitors;2
Ether-A-Go-Go Potassium Channels;2
Methemoglobin;1
Muscle, Smooth;6
San Francisco;1
Streptococcus;2
Plasmids;6
Receptors, Angiotensin;1
Psychopharmacology;1
Tremorine;1
Benzylamines*;3
Polymorphism, Single Nucleotide;8
Psychological Tests;1
Proteasome Inhibitors;2
Diabetic Retinopathy;2
Brain;30
Parasitic Sensitivity Tests;1
Disulfides;2
Cyclosporine*;4
Medical Audit;1
Government Agencies;1
Tamarindus;1
Thioguanine;4
Aripiprazole;1
Back Pain;3
Chromatography, Reverse-Phase;1
Mitochondria;5
3-Pyridinecarboxylic acid, 1,4-dihydro-2,6-dimethyl-5-nitro-4-(2-(trifluoromethyl)phenyl)-, Methyl ester;2
Ferrosoferric Oxide;1
Osmolar Concentration;13
Oxidants;1
Benzothiadiazines;3
Proguanil;3
Statistics, Nonparametric;18
Bone Density Conservation Agents;18
Medicine, African Traditional;12
Piper betle;1
Amiodarone*;2
Sulfones;46
p-Methoxy-N-methylphenethylamine;2
Carrier Proteins;15
Primary Prevention;2
Picolinic Acids;1
Echocardiography;1
Pyridinium Compounds;3
Receptors, G-Protein-Coupled;3
Pyridones;35
Sex Characteristics;19
Ketosis;2
Acyclovir;2
Clinical Studies as Topic;1
Intestinal Absorption*;6
Abnormalities, Drug-Induced;2
Cell Transformation, Neoplastic;2
Escin;2
Restless Legs Syndrome;1
Nitric Oxide Synthase;2
Cyclooctanes;7
HeLa Cells;5
Health Status;4
Oxotremorine;4
Sus scrofa;2
Cobicistat;3
Gastric Acid;16
Efficiency, Organizational;1
MEDLINE;3
Mental Processes;4
Darkness;1
United States;101
Gastrointestinal Tract;38
Lymphoma, Mantle-Cell;3
Elvitegravir, Cobicistat, Emtricitabine, Tenofovir Disoproxil Fumarate Drug Combination;2
Phthalic Anhydrides;1
Cyclodextrins;11
Lead Poisoning;3
Patient Education as Topic*;1
Asia, Southeastern;1
Polyethylene Terephthalates;1
Hypotension, Orthostatic;6
SOS Response (Genetics);1
Brain Diseases;1
Multiple Sclerosis*;1
Acylation;1
Reflex;2
Selegiline;20
Limit of Detection;11
Self Medication;44
Plant Extracts;846
Consumer Product Safety;13
Neutrophils;3
Antineoplastic Agents;323
Spectrometry, Fluorescence;6
Mouth Mucosa;5
Oral Mucosal Absorption;1
Adipokines;1
Fear;1
Plants, Edible*;1
Analgesia;4
Anti-Inflammatory Agents*;3
Verapamil;61
Decision Trees;3
Mesangial Cells;2
Postural Balance;3
Leukotriene Antagonists;3
Hispanic Americans;3
Seafood;6
Restriction Mapping;1
Eicosapentaenoic Acid;7
Isoindoles;5
Schisandra;12
Neoplasm Metastasis;4
Ibuprofen;25
HIV Reverse Transcriptase;4
Haptoglobins;2
Muscular Diseases;2
Thrombocytopenia;11
Amino Acid Sequence;3
Phthalazines;6
Warfarin;341
Mexican Americans;1
Citrullus colocynthis;1
Information Storage and Retrieval;1
Fatigue;13
4-Quinolones;4
Urethane;2
Concanavalin A;1
Food, Formulated;31
Farnesyltranstransferase;1
Centers for Medicare and Medicaid Services (U.S.);1
Sample Size;3
Naphthoquinones;25
Proto-Oncogene Proteins c-bcl-2;3
Liver Diseases;23
Erlotinib Hydrochloride;9
Ribonucleosides;1
Appetite Depressants;2
Calcium;27
Diet Surveys;1
Epilepsy;33
Cilazapril;1
Antibodies;3
Mitosis*;1
Phospholipids;5
Roxithromycin;4
Haloperidol;9
Ilex paraguariensis;1
Carboxylesterase;3
Magnetics;1
Transplantation, Homologous;2
Hormone Replacement Therapy;4
Diclofenac;48
Safrole;2
Sulfides;11
Anesthesia, Epidural;1
Computer Simulation;38
Carcinoma, Small Cell;2
Tolterodine Tartrate;1
Safety;26
Health Resources;1
Hyperlipidemias;22
Appetite;6
Nonprescription Drugs*;2
Prostaglandin Antagonists;2
Calibration;14
Phosphoric Diester Hydrolases;2
Animals;1019
Anti-Obesity Agents;4
Sarcosine;2
Hematoma;2
Mexico;9
Curcuma;13
Male;2180
Genetic Variation;5
Students;2
Ischemia;11
Injections, Subcutaneous;8
Piperonyl Butoxide;1
Commiphora;4
Dimerization;1
Disease Models, Animal;32
Patient Education as Topic;92
Neurodegenerative Diseases;2
Serotonin Receptor Agonists;16
Phlebotomy;1
Glycerol;6
Zebrafish;1
Sleep Initiation and Maintenance Disorders;4
Phyllanthus;2
Biofilms;1
Partial Thromboplastin Time;6
Therapeutics;1
Drugs, Chinese Herbal*;9
Polyporus;1
Pyrrolidonecarboxylic Acid;4
APACHE;2
Organic Anion Transporters, Sodium-Dependent;2
Gastrointestinal Neoplasms;1
Aluminum Hydroxide;23
Fluorenes;19
Professional Practice;2
Rats, Inbred WKY;1
Loranthaceae;1
Exercise Therapy;2
Arnica;2
Castration;1
Doxylamine;4
Poland;1
Female;1449
Sodium-Potassium-Exchanging ATPase;6
Databases, Bibliographic;3
Extremities;1
Encephalitis;1
Automation;1
Phenylalanine;17
Bacteriuria;1
Inflammatory Bowel Diseases;4
Community Participation;1
Pyrazinamide;2
Imidazolidines;1
Leonurus;1
Fever;5
Cholesterol;16
Trimethoprim, Sulfamethoxazole Drug Combination;2
Furazolidone;1
Sleep;5
Creatine Kinase, MB Form;2
Aspalathus;3
Membrane Transport Proteins;40
Heterozygote;3
Ice Cream;1
Prevalence;22
Nuts;3
Angiotensin Receptor Antagonists;5
Blood Urea Nitrogen;1
Phosphodiesterase 5 Inhibitors;8
Infection Control;2
Morphine;33
Communicable Diseases;2
Anesthesia, Spinal;2
Stomach Ulcer;1
Menorrhagia;1
Phosphoproteins;1
Cholesterol, HDL;4
Mast Cells;2
Adverse Drug Reaction Reporting Systems;25
alpha-Linolenic Acid;1
Skilled Nursing Facilities;2
Cell Adhesion;3
Amoxicillin-Potassium Clavulanate Combination;3
Lipolysis;5
Pennsylvania;1
Carcinoma, Squamous Cell;1
Aniline Hydroxylase;1
Gallic Acid;13
Myocardial Reperfusion Injury;10
Hypertrophy, Left Ventricular;2
Mice, Inbred NOD;1
Sulfhydryl Compounds;3
Lipid Metabolism Disorders;3
Patient-Centered Care;1
Conjunctivitis;1
Disorders of Excessive Somnolence;2
LLC-PK1 Cells;5
Mixed Function Oxygenases;90
Monitoring, Physiologic;6
X-Ray Diffraction;3
Tartrates;1
Fluorides, Topical;1
Solanum;2
Salicylates;6
Active Transport, Cell Nucleus;1
Endometrium;1
Selenium Compounds;3
Hypertension;124
Fucus;1
Plant Components, Aerial;1
Peptide Transporter 1;2
Benzopyrans;9
Arthritis, Experimental;4
Cardiovascular System;3
Education, Continuing;3
Esomeprazole;9
Pharmaceutical Services;4
Tryptamines;4
Triterpenes;34
Cross Infection;2
Factor Xa;1
Boswellia;2
Silicates;1
Credentialing;2
Pesticide Synergists;1
Moringa oleifera;1
Radiation Injuries;3
Appetite Regulation;3
Voriconazole;5
Work;1
Ataxia;1
Orphan Nuclear Receptors;4
Oxymorphone;4
Glucosides;45
Anticoagulants;392
Obesity;15
Mitomycin;1
Estrus;1
Magnetic Resonance Spectroscopy;8
Narcotics;5
History, 20th Century;5
Athletic Performance;1
Proteome;1
Survival Rate;1
Benzodiazepines;32
Urodynamics;1
Menstruation*;1
Panax*;3
Electrochemistry;1
Myositis;1
Reverse Transcriptase Inhibitors;66
Liquid-Liquid Extraction;1
Adrenergic alpha-2 Receptor Antagonists;1
Arachidonic Acid;1
Iron Overload;1
Ergothioneine;1
Pregnancy Complications, Cardiovascular;1
Nervous System;2
Amikacin;1
Ethionamide;3
Hematologic Tests;1
Viscum album;3
Rhus;2
Phencyclidine;2
Nizatidine;1
Leukocyte Count;1
Adrenergic alpha-1 Receptor Antagonists;3
Cholestyramine Resin;5
Hemoglobins;7
Chronic Pain;1
Receptors, Purinergic P1;3
Glycogen;1
Tryptophan;2
Parasympatholytics;5
Receptor, Adenosine A2A;1
Ornidazole;4
Origanum;1
Patient Harm;1
Oncology Nursing;1
Rhinitis, Allergic, Perennial;2
Acacia;1
Food Hypersensitivity;12
Aged;450
Insect Hormones;1
Dietary Supplements;302
Longitudinal Studies;6
Tuberculosis, Lymph Node;2
Glycation End Products, Advanced;1
Atropine Derivatives;1
Amino Acid Substitution;1
Equipment Failure;3
Adaptation, Psychological;1
Sodium Fluoride;1
Multienzyme Complexes;1
Bandages;1
Hematocrit;3
Nonprescription Drugs;43
Clinical Pharmacy Information Systems;1
Cytochrome P-450 Enzyme System*;5
Alcohol Dehydrogenase;8
Zeaxanthins;1
Aldosterone;3
Knowledge;2
Polysorbates;5
Cetylpyridinium;1
Exercise;6
Complex Mixtures;1
Fibric Acids;1
Chemotherapy, Adjuvant;6
Weight Gain;5
Staphylococcus aureus;7
Mercaptopurine;14
Schistosoma mansoni;3
S-Adenosylhomocysteine;1
Ticlopidine;46
Infection;4
Urinary Tract Infections;9
Photosensitizing Agents;2
Anisotropy;1
Nerium;1
Furans;10
Echinacea;30
Burns;1
Headache;25
Lichens;1
Temperature;3
Glyburide*;3
Ephedrine*;3
Anesthetics, Intravenous;6
Tritium;5
Tetrahydronaphthalenes;2
Phenylthiohydantoin;4
Oocytes;11
Citalopram;7
Quinolizines;7
Blood Transfusion;1
Hemostasis;5
Lymphocytes;6
Cephalexin;5
Hospitals, Teaching;6
Evoked Potentials, Visual;1
Bipolar Disorder*;3
Octoxynol;1
Ergotamine;25
Colorectal Neoplasms;12
Cinnamomum;1
Valproic Acid;20
Tinnitus;1
Pancreatic Neoplasms;2
Fatty Alcohols;3
Ursodeoxycholic Acid;1
Dairy Products;8
gamma-Aminobutyric Acid;26
Piperazines;114
Adrenergic alpha-Antagonists;7
Hyperprolactinemia;3
Pharmacology, Clinical;2
Respiration, Artificial;2
Chondroitin;2
Citric Acid Cycle;1
Cat Diseases;1
Amylases;1
Drug Antagonism;13
Mammary Neoplasms, Experimental;1
Fetal Hemoglobin;1
Caspases;1
Drug Screening Assays, Antitumor;3
Medical History Taking;20
Citrus paradisi;230
Electrophoresis, Gel, Two-Dimensional;1
Osteoporosis;9
Agglutinins;1
Genes, Plant*;1
Radioimmunoassay;7
Maternal Behavior;1
Legislation, Medical;1
Bismuth;3
Phenprocoumon;5
Gastric Inhibitory Polypeptide;4
Ovariectomy;6
Mice, Transgenic;2
Carbonated Beverages;13
Hydrochlorothiazide;14
Health Knowledge, Attitudes, Practice;58
Urea;11
Meningitis, Bacterial;1
Adenosine Triphosphatases;4
Drug Interactions*;2
Hyperemia;1
Kinetics;111
Pharmacists;17
Translational Medical Research*;1
Phagocytosis;3
Ovarian Follicle;1
Warfarin*;12
Neural Inhibition;2
Oligopeptides;21
Carbon Monoxide;1
Rats, Inbred Lew;1
Alkaline Phosphatase;3
Quinones;1
Reference Standards;10
Nursing Education Research;1
Antifungal Agents;142
Estradiol Congeners;4
Electromyography;1
Risedronate Sodium;7
Propafenone;5
Diagnosis, Differential;11
Electron Spin Resonance Spectroscopy;1
Respiratory Distress Syndrome, Adult;1
Indocyanine Green;1
Beverages*;14
Bromelains;3
Western World;1
Pediatric Nursing;1
Averrhoa;1
Freund's Adjuvant;1
L-Lactate Dehydrogenase;2
Pericardium;2
Organophosphonates;22
Cell Cycle;4
Dipeptidyl-Peptidase IV Inhibitors;27
Israel;7
Gastritis, Atrophic;2
Osteogenesis;2
Demeclocycline;3
Cytochrome P-450 Enzyme Inhibitors;166
Glucagon;5
Amygdala;2
Drug Industry*;1
Malaysia;4
Musculoskeletal Pain;1
Doxorubicin;23
Teaching;3
Prescription Drugs;25
Health Personnel;6
Tooth Extraction;1
Cholestadienols;1
Neuralgia, Postherpetic;1
Sulfadoxine;3
Pipemidic Acid;1
Anemia;7
Documentation;2
Bridged Bicyclo Compounds, Heterocyclic;6
Color;2
Emergencies;2
Cyclic AMP;5
Chemistry, Physical;9
Drug Hypersensitivity Syndrome;2
Withanolides;1
Sulfamethazine;2
Iproniazid;1
Antihypertensive Agents*;5
Poison Control Centers;1
Coleus;3
Phosphorylation;4
Receptors, Epoprostenol;3
Fluoroacetates;1
Gardenia;1
Adipose Tissue, Brown;2
African Americans;3
Scotland;4
Growth Inhibitors;1
Flowers;3
Endoplasmic Reticulum;2
Glucose Intolerance;7
Kidney;49
Salvia*;1
Patient Care Planning;3
Quercetin*;1
Platelet Membrane Glycoproteins;1
Cosmetic Techniques;2
Losartan;22
Drug Resistance, Multiple, Bacterial;1
Gastroenterology;1
Fetus;2
Smoking*;2
Gallbladder;2
Dyskinesia, Drug-Induced;2
Colon;10
Pancreas;4
Buffers;4
Gastric Juice;11
Thiamine;1
Probenecid;5
Itraconazole;65
Urine;7
Cells, Cultured;27
Chlordiazepoxide;1
Fluoresceins;10
Regional Blood Flow;1
Xanthenes;3
Catha;3
Sunflower Oil;1
Isotonic Solutions;1
Flavanones;61
Uric Acid;10
Critical Care;11
Oleanolic Acid;14
Lipoproteins, LDL;4
Adenocarcinoma;14
Thyroid Neoplasms;3
Clarithromycin;18
Nursing Homes;1
Vegetables;35
Esophageal Sphincter, Lower;1
Sucrose;12
Magnesium Oxide;3
Plant Root Cap;1
Hydrogen Peroxide;5
HIV Protease;1
Half-Life;307
Receptors, GABA-B;2
Receptors, GABA-A;4
1-Deoxynojirimycin;11
Portugal;2
Proton Pumps;1
Cell Differentiation;1
Pectins;9
DNA-Binding Proteins;1
Emergency Service, Hospital;7
Neurotoxins;3
Costs and Cost Analysis;2
Steroid Synthesis Inhibitors;1
Oxidation-Reduction;28
Victoria;3
Gene Frequency;1
Catechols;1
Anesthetics;15
India;3
Drug Synergism;91
Pyrazines;15
Artocarpus;1
Neisseria gonorrhoeae;1
Multiple Carboxylase Deficiency;1
Pylorus;1
Receptors, Cannabinoid;1
Mice, Inbred BALB C;15
Developing Countries;2
Influenza Vaccines;2
Transplantation Conditioning;1
GTP-Binding Proteins;1
DNA, Viral;1
Germany;8
Hippocampus;4
Herbal Medicine*;7
Off-Label Use;1
Drug Resistance, Viral;1
Ceftriaxone;1
Preanesthetic Medication;1
Ergolines;8
Cacao;1
Drug Information Services;6
MAP Kinase Signaling System;1
Food Analysis;12
Punicaceae*;1
Radiotherapy, Adjuvant;3
Tetrahydroisoquinolines;5
Mitragyna;2
Creatinine;14
Hemochromatosis;7
Tuberculosis, Multidrug-Resistant;4
Noscapine;2
Propolis;2
Etidronic Acid;9
Metabolome;2
Androstenes;10
Coronary Vasospasm;1
Pyridoxine;1
Uterine Cervicitis;1
Biphenyl Compounds;15
Switzerland;3
Polyurethanes;1
Hydroxyl Radical;3
Apoptosis Regulatory Proteins;4
Recombination, Genetic*;1
Purpura;1
Antibody Formation;2
Gonadotropin-Releasing Hormone;1
Physician's Role;3
Thiabendazole;2
Apoenzymes;1
Lamiales;1
Purinergic P1 Receptor Antagonists;2
RNA;5
Carcinoma, Non-Small-Cell Lung;10
Veterans;1
Molecular Conformation;5
Tomography, X-Ray Computed;6
Theobromine;1
Macaca mulatta;2
Bilirubin;1
Organic Cation Transporter 1;2
Cycloserine;7
Tenofovir;9
New York City;1
Ferrous Compounds;7
Parathyroid Hormone-Related Protein*;2
Lung Transplantation;3
Luminol;1
1-Methyl-4-phenylpyridinium;2
Colic;1
Anti-Arrhythmia Agents;53
Galactosides;2
Mitogen-Activated Protein Kinases;1
Heparin Antagonists;1
Indapamide;2
Parenteral Nutrition, Total;5
Europe;13
Attention Deficit Disorder with Hyperactivity;9
Pneumonia, Pneumocystis;2
Ions;1
Patient Preference;1
Health Services for the Aged;2
International Normalized Ratio;83
Mass Vaccination*;3
Antidepressive Agents, Tricyclic;11
Arteriosclerosis;6
Virus Attachment;1
Carboplatin;2
Citrus aurantiifolia;1
Multivariate Analysis;12
Barium;1
Androgen Antagonists;7
Anthropology;1
Embryonic and Fetal Development;2
Pupil;5
Intraoperative Complications;3
Solutions;15
Cytostatic Agents;2
Physical and Rehabilitation Medicine;1
Cytochrome P-450 CYP2C9 Inhibitors;6
Thiocyanates;3
Punicaceae;26
Acrylic Resins;1
Parasitic Diseases;2
Beverages;521
Tuberculosis, Pulmonary;11
Polymethacrylic Acids;1
Panax;78
Tamoxifen*;1
Extracellular Matrix;1
Alcoholism;11
Hypoprothrombinemias;3
Medicago sativa;1
Models, Statistical;11
Chi-Square Distribution;8
Vincristine;2
Isoflurane;1
Hep G2 Cells;16
Xenograft Model Antitumor Assays;3
Methyltransferases;3
Sulfonamides;104
Placental Lactogen;1
Propiophenones;1
Phytolaccaceae;1
Antineoplastic Agents, Phytogenic;65
Malaria, Falciparum;9
Salts;1
Sodium Lactate;1
Biomarkers, Tumor;1
Tyrosine 3-Monooxygenase;1
Radioallergosorbent Test;1
Myoelectric Complex, Migrating;1
Protective Factors;1
Lens, Crystalline;3
Calcium Gluconate;2
Healthy Lifestyle;1
alpha-Defensins;2
Odds Ratio;7
Ointments;2
Drug Eruptions;9
Fibronectins;2
Pharmacology, Clinical*;2
Evidence-Based Medicine*;1
Home Care Services;3
Epistaxis;1
Interferon beta-1b;1
Intestinal Secretions;7
Biomarkers;28
Eye Hemorrhage;3
Chlortetracycline;1
RNA, Messenger;50
Agaricales;6
Emigration and Immigration;1
Linezolid;8
Kindling, Neurologic;1
Pneumonia;6
Serotonin Agents;8
Sirolimus;14
src-Family Kinases;1
Mushroom Poisoning;6
Benzilates;13
Aniline Compounds;7
Hardness Tests;1
Methoxsalen;13
Clemastine;3
Job Description;1
Photochemotherapy;1
Esophageal Stenosis;3
Carotenoids;5
Renin;7
Spironolactone;13
Carboxylic Acids;1
Biological Products;21
Data Display;1
Litter Size;1
Intestines;115
Benzimidazoles*;6
Shigella flexneri;1
Peptidyl-Dipeptidase A;2
Cuscuta;1
Dentistry;2
bcl-2-Associated X Protein;1
Lecithins;2
Circadian Rhythm;7
Kidney Diseases*;4
Carbon;2
Carbon Dioxide;3
Milk Thistle;21
Receptors, Muscarinic;2
Complementary Therapies*;16
Cost-Benefit Analysis;3
Pharmaceutical Preparations*;10
Psychotic Disorders;12
Urtica dioica;2
Budesonide;2
Immunosuppressive Agents;138
Shellfish;1
Equipment Design;2
Fluorescence Polarization Immunoassay;2
Blood Loss, Surgical;1
Muscarine;2
beta Carotene;8
Bone Density Conservation Agents*;2
Quassins;1
Nutritional Status;34
Monoterpenes;11
Uterine Contraction;4
Citric Acid;10
Ephedra;9
Cocos;1
Tyrosine;5
Mibefradil;1
Menstruation;6
Piloerection;1
Phenanthrolines*;4
Amino Acid Transport Systems;1
Pregnadienes;1
Dermatology;1
Microtubule-Associated Proteins;1
Hematopoietic Stem Cell Transplantation;4
Cinnamomum aromaticum;1
Quinoxalines;6
Kidney Transplantation;29
Nausea;20
Neisseria meningitidis;1
Kansas;1
Practice Patterns, Nurses';1
Cola*;1
Flavonoids;159
Cyclophosphamide;7
Hydroxychloroquine;3
Milk Hypersensitivity;1
Checklist;1
Antiplatyhelmintic Agents;4
Tinospora;1
COS Cells;1
Plants, Medicinal;305
New South Wales;1
Singapore;1
Ocimum;1
Garlic*;6
Subtilisins;1
Risk;15
Glutens;2
Potassium Compounds;3
Etretinate;5
Recovery of Function;1
Metrorrhagia;4
Adrenergic beta-1 Receptor Antagonists;5
Information Dissemination;3
Acetaldehyde;8
Chalcones;2
Arterial Pressure;1
Anorexia Nervosa;3
Platelet Function Tests;4
JNK Mitogen-Activated Protein Kinases;1
Galactans;3
Nebivolol;1
Heart Rate;61
Mouthwashes;2
Adenosine Diphosphate;2
Genetic Association Studies;1
Naphthols;1
Quebec;1
Metabolism, Inborn Errors;1
Blood Glucose;40
Receptor Protein-Tyrosine Kinases;1
Amino Acids;10
Preservatives, Pharmaceutical;2
Birth Weight;3
Azoles;3
Naloxone;6
Lactate Dehydrogenases;1
Phytotherapy*;39
Receptor, ErbB-2;3
Homocysteine;1
Quality of Health Care;1
Tears;1
Anaerobiosis;1
Materia Medica;8
Iodine Radioisotopes;7
Gingival Hemorrhage;1
Liver Failure, Acute;2
Ischemic Attack, Transient;1
Biomarkers, Pharmacological;3
Carbon Isotopes;1
Drug Implants;3
Methadone;4
Surgical Wound Infection;1
Cloxacillin;4
Hormone Replacement Therapy*;1
Cell Fusion;1
Parathyroid Diseases;2
RNA Interference;2
Salvia officinalis;1
Symporters;7
Mass Media;1
Anesthesia;7
Immunization Schedule;1
Bleeding Time;7
Digestive System Physiological Phenomena;2
Spiro Compounds*;8
Guanosine Triphosphate;2
Urticaria;8
Organophosphorus Compounds;7
Students, Medical;1
International Cooperation;1
Parenteral Nutrition*;1
Taraxacum;1
Aloe*;3
Toxicokinetics;1
Massive Hepatic Necrosis;2
Honey;11
Corpus Striatum;1
Muscle Cramp;2
Antipyrine;3
Carcinoma, Hepatocellular;3
Nootropic Agents;11
Hospitals, Urban;1
Behavior Therapy;1
Heart Valve Prosthesis Implantation;2
CCAAT-Enhancer-Binding Protein-beta;2
Lactobacillus casei;1
gamma-Glutamyltransferase;1
Capecitabine;1
Malpighiaceae;1
Leukemia, Myeloid, Acute;1
Patient Selection;13
Flow Cytometry;1
Lisdexamfetamine Dimesylate;1
Methyl Parathion;2
Plant Roots;36
Cytochrome P-450 CYP3A*;1
Calcitonin;2
Plant Oils;27
Water-Electrolyte Balance;1
Drug Therapy, Combination;92
ATP Binding Cassette Transporter 1;1
Circular Dichroism;2
Drug Resistance;27
Enzyme-Linked Immunosorbent Assay;1
Kaplan-Meier Estimate;1
Low Back Pain;1
NADPH Dehydrogenase;1
Phototherapy;1
Ferric Compounds;4
Cytochrome P-450 CYP3A Inhibitors;97
Herb-Drug Interactions;1410
Polyvinyls;1
Behavior, Addictive;2
Acetylcholine;2
Serotonin 5-HT2 Receptor Agonists;1
Lipid Peroxidation;7
Pentosyltransferases;2
Peanut Oil;5
User-Computer Interface;6
Camptothecin;34
Tranquilizing Agents;3
Schistosoma haematobium;1
Rhinitis, Allergic, Seasonal;3
Solifenacin Succinate;1
Ezetimibe;1
Antimalarials;82
Data Mining;3
Flumazenil;2
Magnesium Chloride;1
Hot Flashes;6
Tramadol;5
Ziziphus;2
Miconazole;3
Benzene Derivatives;2
Hypocalcemia;5
Methanol;3
Actaea;1
Data Interpretation, Statistical;9
Skin Tests;2
Receptors, Nicotinic;1
Hungary;1
Simvastatin;50
Diarrhea;23
Physicians, Family;2
DNA Primers;2
Chemotherapy, Adjuvant*;1
Thyroidectomy;2
Gestational Age;2
Membrane Proteins;8
Thrombophilia;3
Dioscorea;1
Receptors, Immunologic;3
Intestine, Large;1
Benzophenones;10
Methylamines;3
Oxypurinol;3
Methods;3
Propanolamines;20
Plasma;4
Long QT Syndrome;5
Adrenergic beta-Antagonists;49
Healthy Volunteers;75
Mitochondrial Proteins;1
Isoxazoles;6
Insulin-Secreting Cells;2
Motor Skills;7
Chlorpyrifos;1
Breakfast;8
Alcohol Deterrents;4
KB Cells;1
Chylomicrons;4
Professional-Family Relations;1
Celecoxib;4
HT29 Cells;2
Vitamin K Deficiency*;3
Carbachol;2
Nursing Evaluation Research;2
Water Supply;1
Megestrol Acetate;6
Mitogen-Activated Protein Kinase 1;2
Blood Pressure Monitoring, Ambulatory;1
