71616;Tyramine;Tranylcypromine;Trifluoperazine;Drug Combinations
83942;Dicumarol
85186;Hypoglycemic Agents;Chlorpropamide
85872;Propantheline;Gels;Acetaminophen;Glucose;Metoclopramide;Pectins
214657;Cyclic AMP;Caffeine
314074;Ergotamines;Troleandomycin;Nitroprusside
323461;Ampicillin;Amoxicillin
363052;Ampicillin;Amoxicillin
406701;Histamine;Isoniazid
427007;Delayed-Action Preparations;Oxprenolol
438273;Ergotamine;Methysergide
445958;Digoxin
463881;Phenelzine;Caffeine
496127;Isoniazid
501875
512843;Pyridines;Anti-Inflammatory Agents;Thiazines
520399;Atenolol
558210
564228
569766
571023;Histamine;Isoniazid
581516;Anti-Bacterial Agents;Ampicillin;Cephalexin;Penicillins;Erythromycin
589392
637437;Tyramine;Monoamine Oxidase Inhibitors;Isoniazid
647881;Anticholesteremic Agents;Digoxin;Aminosalicylic Acid;Cholestyramine Resin
665675;Digoxin
758247;Acetaminophen;Antipyrine;Pharmaceutical Preparations;Phenacetin
780287;Clopamide;Pindolol
838114;Pivampicillin;Ampicillin
872490;Tablets;Hydralazine
872491;Metoprolol;Propranolol
970990;Indomethacin;Antacids
991535;Antipyrine;Theophylline
1036443;Ethanol;Plant Extracts;Disulfiram
1167931
1195132;Anti-Bacterial Agents;Lasalocid;Naloxone;Calcium;Cations, Divalent;Calcium Radioisotopes;Morphine;Pargyline;Chelating Agents
1215448;Ethanol;Caffeine
1241098;Ethanol;Liver;Disulfiram
1297641;Naproxen;Delayed-Action Preparations
1335461;Antidepressive Agents, Tricyclic
1351673;Piperazines;Triazolam;Anti-Anxiety Agents;Azabicyclo Compounds;Caffeine
1404208;Sodium Bicarbonate;Aluminum Hydroxide;Plant Extracts;Bismuth;Anti-Ulcer Agents;Drug Combinations;Magnesium Hydroxide
1424410;Tyramine;Oxazoles;Oxazolidinones;Monoamine Oxidase Inhibitors
1468429;Cephalosporins;Acetylcysteine;Drug Combinations
1476449
1483487;Tyramine;Monoamine Oxidase Inhibitors;Antidepressive Agents;Moclobemide
1577050;Felodipine
1605619;Norfloxacin
1612815;Tablets;Acetaminophen
1621740;Cephalosporins;Probenecid
1656742;Azithromycin;Cimetidine;Erythromycin;Methylprednisolone;Carbamazepine;Theophylline
1662623;Azithromycin;Erythromycin
1672944;Felodipine;Nifedipine
1672990;Warfarin;Vitamin K
1679514;Cholesterol, LDL;Lovastatin;Pectins
1681621;Antipsychotic Agents;Phenothiazines;Caffeine
1683458;Ascorbic Acid;Aluminum Hydroxide;Drug Combinations
1706804;Hydralazine;Delayed-Action Preparations
1748529;Aluminum;Aluminum Hydroxide;Citric Acid
1752235;Anti-Inflammatory Agents, Non-Steroidal;Glycyrrhetinic Acid;Glycyrrhizic Acid;Prednisolone
1766062;Liver;Cimetidine;Theophylline
1772462;Delayed-Action Preparations;Theophylline
1774159;Ergot Alkaloids;Methysergide
1780961;Hydralazine
1781863;Monoamine Oxidase Inhibitors;Nifedipine
1797525;Cocaine
1912131;Phenylpropanolamine
1914371;Caffeine;Phenylpropanolamine
1914375;Nitrendipine;Cimetidine
1934862;Ciprofloxacin
1934866;Dipyridamole;Caffeine
1956499;Calcium;Tablets;Aluminum;Aluminum Hydroxide;Citric Acid
1981783;Digoxin;Bisacodyl
1988422;Tyramine;Sodium Glutamate;Monoamine Oxidase Inhibitors
2042654;Aluminum;Aluminum Hydroxide;Citric Acid;Antacids
2045759;Warfarin;Vitamin K 1;Vitamin K
2049250;Acetaminophen;Levodopa
2051716;Acids;Aluminum;Aluminum Hydroxide;Citric Acid;Chelating Agents
2058471;Anti-Inflammatory Agents, Non-Steroidal;Thiazoles;Thiazines
2065699;Ethanol;Plant Extracts;Drug Combinations
2065700;Ethanol;Plant Extracts;Drug Combinations
2066050;Miocamycin;Dihydroergotamine
2069371;Fluoroquinolones;4-Quinolones;Anti-Infective Agents;Theophylline;Caffeine;Quinolones
2071262;Fluoroquinolones;4-Quinolones;Anti-Infective Agents;Theophylline;Caffeine;Quinolones
2091623;Tranylcypromine;Sodium Glutamate;Placebos
2099431;Warfarin;Vitamin K
2106407;Warfarin
2107985;Thallium;Nitroglycerin;Aminophylline;Dipyridamole
2112643;Ampicillin
2114955;Ciprofloxacin
2122025;Glass;Phenytoin
2122422;Aminophylline;Delayed-Action Preparations;Theophylline
2171446;Sodium Bicarbonate;Sodium;Aluminum;Aluminum Hydroxide;Bicarbonates;Citric Acid;Antacids
2177401;Pipemidic Acid;Enoxacin;Ciprofloxacin;Norfloxacin;Ofloxacin;Caffeine;Quinolones
2200264;Drug Combinations;Phenylpropanolamine
2253583;Glycyrrhetinic Acid;Glycyrrhizic Acid;Prednisolone
2271748;Calcium;Tetracycline
2285293;Fluoroquinolones;4-Quinolones;Anti-Infective Agents;Quinolones
2311339;Angiotensin-Converting Enzyme Inhibitors;Indoles;Perindopril
2338118;Estrone;Estramustine;Nitrogen Mustard Compounds
2352608
2353062;Platelet Aggregation Inhibitors
2357862;Epinephrine;Norepinephrine;Caffeine;Phenylpropanolamine
2360879;Warfarin;Vitamin K
2396245;Furazolidone;Sulfamethazine;Carbadox
2450251;Tyramine;Monoamine Oxidase Inhibitors;Norepinephrine;Moclobemide
2492043;Solutions;Phenytoin
2496251;Warfarin;Vitamin K
2501937;Phenytoin
2506806;Ciprofloxacin
2510372;Delayed-Action Preparations;Theophylline
2527534;Pyridazines;Angiotensin-Converting Enzyme Inhibitors;Cilazapril
2565585;Antipsychotic Agents
2580171;Captopril;Bendroflumethiazide
2580172;Captopril;Aldosterone
2589383;Clindamycin;Metronidazole;Ciprofloxacin
2612087;Ethanol;Felodipine
2613389;Acetaminophen
2663579;Warfarin;Vitamin K
2666453;Tyramine;Monoamine Oxidase Inhibitors
2673623;Tyramine;Tranylcypromine;Monoamine Oxidase Inhibitors;Placebos;Moclobemide
2686430;Cyclosporins;Ciprofloxacin;Rifampin;Antacids;Theophylline;Caffeine
2714732;Tyramine;Monoamine Oxidase Inhibitors;Moclobemide
2729942;Ciprofloxacin;Theophylline;Caffeine
2735334;Sucralfate;Naproxen;Phenylpropionates;Ketoprofen
2764304;Aminophylline;Midazolam
2767766;Water;Doxycycline
2794993;Tyramine;Piperidines;Monoamine Oxidase Inhibitors;Moclobemide
2795213;Dipyridamole;Thallium Radioisotopes;Caffeine
2821081;Capsules;Digoxin
2875358;Dihydroergotamine;Heparin
2876719;Analgesics, Opioid;Alfentanil;Fentanyl;Hypnotics and Sedatives;Hydrocortisone;Meperidine
2880045;Dihydroergotamine;Heparin;Drug Combinations;Heparin, Low-Molecular-Weight
2901653;Acenocoumarol;Vitamin K
2913801;Aluminum;Aluminum Hydroxide;Citric Acid
2914409;Aluminum;Aluminum Hydroxide;Citric Acid;Antacids
2929629;Placebos;Caffeine;Phenylpropanolamine
2938522;Aminophylline;Midazolam;Benzodiazepines
2985676;Calcium Channel Blockers;Anti-Bacterial Agents;Digoxin;Anti-Inflammatory Agents;Diuretics;Cholestyramine Resin;Rifampin;Antacids;Kaolin;Anti-Arrhythmia Agents
3014110;Lisinopril;Enalapril;Angiotensin-Converting Enzyme Inhibitors
3038451;Amoxicillin
3038494;Cathartics;Psyllium;Digoxin
3040815;Ketoconazole;Itraconazole
3053579;4-Quinolones;Anti-Infective Agents
3085485;Phenytoin
3100311;Water;Aluminum;Citric Acid;Antacids;Drug Combinations
3110450;Warfarin;Fat Emulsions, Intravenous
3116961;Phenytoin;Suspensions
3121288;Phenytoin;Suspensions
3127188;Capsules;Phenytoin
3189445
3220610;Delayed-Action Preparations;Theophylline
3228106;Phenytoin
3243931;Naproxen;Delayed-Action Preparations
3259827;Dipyridamole;Thallium Radioisotopes;Theophylline
3278460;Cyclosporins;Cholestyramine Resin
3283290;Tyramine;Monoamine Oxidase Inhibitors;Moclobemide
3338980;Lithium;Caffeine
3356120;Ketoconazole;Tablets
3366169;Phenylpropionates;Dosage Forms;Ketoprofen
3372933;Phenytoin
3389610;Dihydroergotamine;Erythromycin
3392235;Benzodiazepinones;Anti-Anxiety Agents;Benzodiazepines;Flunitrazepam
3414579;Iron
3460737;Oxazines;Ofloxacin;Anti-Infective Agents
3475034;Naphthyridines;Enoxacin
3480885;Quinolines;Oxazines;Naphthyridines;Enoxacin;Ciprofloxacin;Ofloxacin;Anti-Infective Agents;Caffeine
3481318;Quinolines;Oxazines;Naphthyridines;Enoxacin;Ciprofloxacin;Ofloxacin;Anti-Infective Agents;Caffeine
3499163;Anti-Inflammatory Agents, Non-Steroidal;Piroxicam;Aluminum Hydroxide;Antacids;Magnesium Hydroxide
3517081;Diazepam;Caffeine
3525654;Tyramine;Monoamine Oxidase Inhibitors
3541503;Warfarin;Vitamin K
3565796;Aminophylline;Flunitrazepam
3665325;Delayed-Action Preparations;Theophylline
3682151;Monoamine Oxidase Inhibitors
3693341;Phenelzine
3693584;Angiotensin-Converting Enzyme Inhibitors;Isoquinolines;Tetrahydroisoquinolines
3720177;Propranolol;Delayed-Action Preparations
3734141;Pyrimidines;Ethanol;Buspirone;Diazepam
3778707;Aluminum
3790404;Delayed-Action Preparations;Theophylline
3807390;Hypoglycemic Agents
3824426;Theophylline
3838321;Ferrous Compounds;Tetracyclines;Minocycline;Iron;Delayed-Action Preparations;Tetracycline
3838971;Aluminum Hydroxide;Amoxicillin;Cimetidine;Clavulanic Acid;Clavulanic Acids;Amoxicillin-Potassium Clavulanate Combination;Drug Combinations
3877043;Troleandomycin;Anti-Bacterial Agents;Liver;Erythromycin
3910768;Captopril
3948402;Aluminum;Citric Acid;Antacids
3988971;Aspartame;Phenelzine
3998202;Monoamine Oxidase Inhibitors
3998343;Warfarin;Vitamin K
4000229;Tyramine;Tranylcypromine;Monoamine Oxidase Inhibitors;Labetalol
4003328
4005122;Delayed-Action Preparations;Oxprenolol
4006379;Delayed-Action Preparations;Theophylline
4014747;Aminophylline;Lorazepam
4029248;Contraceptives, Oral;Contraceptives, Oral, Hormonal;Estrogens;Liver;Caffeine
4042520;Contraceptives, Oral, Hormonal;Ethanol
4064930;Theophylline
4099618;Tyramine;Monoamine Oxidase Inhibitors
4909796;Monoamine Oxidase Inhibitors;Chlordiazepoxide;Antidepressive Agents
4964450;Oxytetracycline;Demeclocycline
4967225;Warfarin;Vitamin K
5104893;Warfarin;Plant Extracts
5132558;Monoamine Oxidase Inhibitors;Theobromine;Theophylline;Caffeine
5304704;Troleandomycin;Liver;Ergotamine
5676383;Creatinine;Sodium;Spironolactone;Ammonium Chloride;Aminophylline;Acetazolamide;Bicarbonates;Lithium;Ethacrynic Acid;Bendroflumethiazide;Potassium;Furosemide
5897315;Warfarin;Neomycin;Vitamin K 1;Vitamin K
5948152;Tyramine;Tranquilizing Agents;Tranylcypromine
6034391;Tyramine;Tranylcypromine;Phenelzine;Monoamine Oxidase Inhibitors;Pargyline
6091711;Sodium Bicarbonate;Cefuroxime;Cephalosporins;Ampicillin;Ranitidine;Bicarbonates
6097665;Enalapril;Antihypertensive Agents
6112560;Antipsychotic Agents;Caffeine
6113376;Amphotericin B;Sodium
6116064;Fluphenazine
6124334;Pyrimidines;Ethanol;Lorazepam;Anti-Anxiety Agents;Buspirone
6129542;Aminophylline;Diazepam
6130074;Pyrimidines;Ethanol;Lorazepam;Anti-Anxiety Agents;Buspirone
6133016;Dextropropoxyphene;Acetaminophen
6142202;Adenosine;Aminophylline;Diazepam
6149298;Antipsychotic Agents;Antidepressive Agents, Tricyclic
6236021;Ergotamines;Ergotamine;Erythromycin
6242951;Piroxicam;Iron
6282000;Digoxin
6285814;Imidazoles;Piperazines;Ketoconazole;Tablets;Antifungal Agents;Miconazole
6322675;Ketoconazole
6327318;Digoxin;Penicillins;Penicillin V
6374311;Diazepam;Theophylline;Caffeine
6389377;Captopril;Antacids
6394124;Tyramine;Ethanol;Liver;Monoamine Oxidase Inhibitors
6419147;Phenytoin
6421377;Warfarin;Vitamin K
6437219;Warfarin;Vitamin K 1
6438282;Phenytoin
6486489;Aminophylline;Diazepam;Theophylline
6486994;Warfarin;Vitamin K
6522416;Flurazepam;Lorazepam;Diazepam
6612697;Dihydroergotamine;Heparin;Drug Combinations
6614033;Creatinine;Sodium Chloride;Amphotericin B;Sodium
6626418;Delayed-Action Preparations;Theophylline
6662173;Diazepam;Theophylline
6678751;Phenytoin
6688049;Doxycycline
6688407;Aspirin;Analgesics;Acetaminophen;Anti-Inflammatory Agents;Antacids
6692645;Acetaminophen;Oxazepam
6723218;Phenytoin
6734044;Liver;Indocyanine Green;Hydralazine
6734698;Contraceptives, Oral;Contraceptives, Oral, Hormonal;Caffeine
6741669;Contraceptives, Oral, Hormonal;Ethanol
6786635;Insulin
6794970;Nitroglycerin;Dihydroergotamine
6803191;Phenytoin
6806502
6807440;Ergotamine;Methysergide
6821036;Warfarin
6834589
6843604;Warfarin;Vitamin K
6882312;Ethanol;Caffeine
6883912;Acetaminophen
6926836;Tablets;Hydralazine;Delayed-Action Preparations
6956293;Phenytoin
7040498;Captopril
7053307;Ethanol;Caffeine
7076627;Tyramine;Monoamine Oxidase Inhibitors
7098543;Placebos;Diazepam;Caffeine
7104169;Labetalol
7105982;Isoniazid
7118763;Amoxicillin;Amoxicillin-Potassium Clavulanate Combination;Drug Combinations
7174567;Isoniazid
7188722;Histamine;Isoniazid
7197483;Aminophylline;Diazepam
7197984;Chlorpromazine
7212893;Warfarin;Vitamin K
7237895;Liver;Propranolol
7270565;Warfarin;Vitamin K
7274023;Warfarin;Vitamins
7308273;Hydralazine
7312071;Vitamin K 1;Coumarins
7343191;Contraceptives, Oral;Contraceptives, Oral, Hormonal;Ethanol
7359014;Contraceptives, Oral;Caffeine
7371698;Muscle Relaxants, Central;Xanthines;Caffeine
7383081;Warfarin;Vitamin K
7406391;Warfarin;Vitamin K
7454487;Theophylline
7486898;Omeprazole;Ketoconazole
7551902
7582380;Antioxidants;Flavonoids;Flavanones;Theophylline
7589032;Contraceptives, Oral;Levonorgestrel;Norpregnenes;Estradiol;Caffeine
7619679;Cytochrome P-450 Enzyme Inhibitors;Cyclosporine
7628179;Midazolam
7640830;Ephedrine;Phenelzine;Monoamine Oxidase Inhibitors
7648762;Cytochrome P-450 Enzyme Inhibitors;Triazolam
7677856;Cyclosporine
7697949;Prednisone;Cyclosporine;Prednisolone
7715468;Flavonoids;Estrone;Estradiol
7742162;Enoxacin
7748990;Lithium;Caffeine
7768070;Cyclosporine
7811026;Dietary Sucrose;Ciprofloxacin;Ofloxacin
7856583;Ciprofloxacin
7859239;Delayed-Action Preparations;Theophylline
7875189;Delayed-Action Preparations;Ketoprofen
7881701;Alprazolam;Theophylline
7955811;Fluoroquinolones;Sucralfate;Ferrous Compounds;Calcium Carbonate;Anti-Infective Agents;Quinolones
7962690;Clozapine;Caffeine
7967987;Tyramine;Monoamine Oxidase Inhibitors;Moclobemide
7972311;Diltiazem
7979646;Albendazole;Praziquantel
7990219;Ethanol;Acetaminophen;Liver
8004359;Drugs, Chinese Herbal;Ofloxacin
8039534;Fluconazole;Itraconazole
8049637;Sulfides;Acetaminophen;Plant Extracts
8061850;Enalapril;Angiotensin-Converting Enzyme Inhibitors
8064267;Ethanol
8073064;Delayed-Action Preparations;Nifedipine
8148213;Atovaquone;Tablets;Naphthoquinones;Suspensions
8200332;Ascorbic Acid;Calcium;Aluminum;Aluminum Hydroxide;Citric Acid;Antacids;Drug Combinations;Magnesium Hydroxide
8218972;Tetracycline
8275614;Antioxidants;Flavonoids;Nisoldipine;Flavanones
8364261;Theophylline
8365689;Acenocoumarol;Vitamin K
8388198;Capsules;Ketoconazole;Antifungal Agents;Itraconazole
8390020;Cyclosporine
8391300;Ergotamine;Erythromycin
8395986;Digoxin;Plant Extracts;Ouabain
8453178;Phenytoin
8513655;Flavonoids;Flavanones;Felodipine
8521677;Pyridines;Hypnotics and Sedatives
8527268;Pyridines;Liver;Nifedipine
8540731;Levofloxacin;Drugs, Chinese Herbal;Ofloxacin;Anti-Infective Agents
8549357;Fleroxacin;Ciprofloxacin;Anti-Infective Agents
8549360;Fleroxacin;Central Nervous System Stimulants;Ciprofloxacin;Anti-Infective Agents;Caffeine
8554942;Ethanol;Placebos;Caffeine
8562295;Calcium Channel Blockers;Delayed-Action Preparations;Felodipine
8601555;Cytochrome P-450 Enzyme Inhibitors;Clozapine;Caffeine
8602393;Phenytoin;Suspensions
8607732;Clarithromycin;Ergotamine
8612381;Histamine H1 Antagonists;Terfenadine
8617704;Tyramine;Monoamine Oxidase Inhibitors
8631189;Ethinyl Estradiol;Estradiol
8642453;Liver;Vitamin K 1;Vitamin K
8649594;Platelet Aggregation Inhibitors
8689808;Calcium Channel Blockers;Anti-Bacterial Agents;Erythromycin;Felodipine
8693526;Cyclosporine
8728348;Histamine H1 Antagonists;Terfenadine
8735685;Central Nervous System Stimulants;Methoxsalen;Caffeine
8739026;Quinidine;Anti-Arrhythmia Agents
8751023;Calcium Channel Blockers;Felodipine
8787869;Ciprofloxacin;Anti-Infective Agents
8813897;Vitamin K 2;Vitamin K 1;Hemostatics;Vitamin K
8830073;Antipsychotic Agents;Cytochrome P-450 Enzyme Inhibitors;Clozapine;Caffeine
8851570;Atovaquone;Naphthoquinones;Antifungal Agents;Suspensions
8866042;Anti-Inflammatory Agents, Non-Steroidal;Ibuprofen;Delayed-Action Preparations;Flurbiprofen
8869767;Sumatriptan;Serotonin Receptor Agonists;Lithium;Dihydroergotamine
8881693
8911887;Amlodipine
8925804;gamma-Aminobutyric Acid;Anticonvulsants
8926537;Propranolol
8929750;Anti-Inflammatory Agents, Non-Steroidal;Omeprazole;Enzyme Inhibitors;Suspensions;Diclofenac
8947977;Caffeine
8961058;Ciprofloxacin;Anti-Infective Agents
8971132;Cytochrome P-450 Enzyme Inhibitors;Furocoumarins
8988067;Acetaminophen;Anticarcinogenic Agents
9002010;Cyclosporine
9075501;Anticoagulants;Warfarin;Plant Extracts
9091822;Aspirin;Plant Extracts;Platelet Aggregation Inhibitors
9114910;Analgesics, Non-Narcotic;Acetaminophen
9129557;Anti-Allergic Agents;Anti-Asthmatic Agents;Terfenadine
9147710;Anti-Asthmatic Agents;Delayed-Action Preparations;Theophylline
9153347;Anti-Inflammatory Agents, Non-Steroidal;Ibuprofen
9159606;Anticoagulants;Drugs, Chinese Herbal;Warfarin;Plant Extracts;Phenanthrolines;Drug Combinations
9174684;Water;Calcium Channel Blockers;Liver;Felodipine
9217843;Photosensitizing Agents;Methoxsalen
9218932;Antifungal Agents;Itraconazole
9220063;Antitubercular Agents;Isoniazid
9234037;Alprazolam;Ethanol;Central Nervous System Depressants;Anti-Anxiety Agents;Buspirone
9248771;Histamine H1 Antagonists;Terfenadine
9315022;Plant Extracts;Antineoplastic Agents
9357093;Anticonvulsants;Valproic Acid;Pectins
9385040;Analgesics, Non-Narcotic;Drugs, Chinese Herbal;Acetaminophen;Antiviral Agents
9399621;Anticoagulants;Warfarin;Fat Emulsions, Intravenous;Anesthetics, Intravenous;Propofol
9414309;Flavonoids;Immunosuppressive Agents;Cyclosporine
9431825;Ethanol;Central Nervous System Depressants
9469677;Immunosuppressive Agents;Cyclosporine
9518947;Paroxetine;Plant Extracts;Antidepressive Agents;Serotonin Uptake Inhibitors
9545149;2-Hydroxypropyl-beta-cyclodextrin;beta-Cyclodextrins;Antifungal Agents;Cyclodextrins;Pharmaceutical Solutions;Itraconazole
9555149;Anti-Allergic Agents;Terfenadine
9562133;gamma-Aminobutyric Acid;Anticonvulsants
9562227;Antioxidants;Water;Calcium Channel Blockers;Flavonoids;Nimodipine;Flavanones
9566982;Vitamin K
9578182;Saquinavir;Cytochrome P-450 Enzyme Inhibitors;Anti-HIV Agents;HIV Protease Inhibitors
9585793;Acids;Lovastatin;Hydroxymethylglutaryl-CoA Reductase Inhibitors
9591935;Calcium Channel Blockers;Felodipine
9604823;Anticonvulsants;Phenytoin
9609412;Creatinine;Ciprofloxacin;Anti-Infective Agents
9620100;Analgesics;Acetaminophen;Naproxen
9620116;Anticonvulsants;Phenytoin
9625273;Diazepam
9633781
9660036;Antifungal Agents;Itraconazole
9696960;Calcium Channel Blockers;Verapamil
9706183;Anticoagulants;Warfarin
9738088;Digoxin;Lanatosides;Plants, Toxic
9757152;Water;Anticonvulsants;Carbamazepine
9768962;Anticoagulants;Drugs, Chinese Herbal;Warfarin;Plant Extracts;Phenanthrolines;Fibrinolytic Agents;Drug Combinations
9793589;Atovaquone;Naphthoquinones;Antifungal Agents;Suspensions
9793622;Anti-Inflammatory Agents, Non-Steroidal;Naproxen
9800751;Plant Extracts
9807978;Water;Emulsions;Immunosuppressive Agents;Cyclosporine
9818297;Nortriptyline;Amitriptyline
9834039;Hypolipidemic Agents;Simvastatin;Hydroxymethylglutaryl-CoA Reductase Inhibitors
9840238;Ciprofloxacin;Anti-Infective Agents
9871430;Serotonin Receptor Agonists;Buspirone
9882081;Anti-Inflammatory Agents, Non-Steroidal;Tablets;Antacids;Ketoprofen;Tromethamine
9924842;Fluoxetine;Serotonin Uptake Inhibitors
10030529;Plant Extracts
10073324;Venlafaxine Hydrochloride;Central Nervous System Stimulants;Desvenlafaxine Succinate;Antidepressive Agents, Second-Generation;Caffeine
10082701;Analgesics, Non-Narcotic;Ritonavir;Ergotamine;Anti-HIV Agents
10086430;Vasoconstrictor Agents;Ergotamine;Anti-HIV Agents;HIV Protease Inhibitors;Indinavir
10096255;Enzyme Inhibitors;Immunosuppressive Agents;Cytochrome P-450 Enzyme Inhibitors;Cyclosporine;Furocoumarins
10096258;Cytochrome P-450 CYP1A2 Inhibitors;Central Nervous System Stimulants;Pefloxacin;Enoxacin;Anti-Infective Agents;Caffeine
10102468;Anticoagulants;Warfarin;Hemostatics;Vitamin K
10192596;Tyramine;Monoamine Oxidase Inhibitors
10217316;Anticoagulants;Warfarin;Vitamin K
10220126;Haloperidol
10243361
10332534;Anticoagulants;Warfarin
10350016;HIV Protease Inhibitors;Indinavir
10365642;Capsules;Antifungal Agents;Itraconazole
10375176;Anticonvulsants;Drugs, Chinese Herbal;Antiviral Agents;Carbamazepine
10423213;Anticoagulants;Warfarin
10440622;Fluoroquinolones;Antitubercular Agents;Anti-Infective Agents
10456490;Quinidine;Antimalarials;Quinine
10456492;Artemisinins;Antimalarials
10460065;Atorvastatin Calcium;Anticholesteremic Agents;Pyrroles;Hydroxymethylglutaryl-CoA Reductase Inhibitors;Pravastatin
10460103;Antitubercular Agents;Isoniazid;Antacids
10471985;Cytochrome P-450 CYP1A2 Inhibitors;Central Nervous System Stimulants;Estradiol;Theophylline;Caffeine
10510161;Cardiotonic Agents;Cathartics;Digoxin;Polyethylene Glycols
10533874;Anesthetics
10546917;Cardiotonic Agents;Digoxin;Antidepressive Agents;Anti-Arrhythmia Agents
10546919;Anticholesteremic Agents;Lovastatin;Hydroxymethylglutaryl-CoA Reductase Inhibitors
10546925;Antiprotozoal Agents;Artemisinins;Antimalarials;Antifungal Agents
10556183;Anticoagulants;Warfarin;Heparin
10568341;Anticoagulants;Warfarin;Vitamin K
10578942
10583025;Saquinavir;Ketoconazole;Plant Extracts;Liver;Verapamil;HIV Protease Inhibitors
10594487;Enzyme Inhibitors;Cytochrome P-450 CYP2E1 Inhibitors;Cytochrome P-450 Enzyme Inhibitors;Quinidine;Disulfiram;Erythromycin;Diclofenac;Itraconazole
10606838;Antipsychotic Agents;Central Nervous System Stimulants;Clozapine;Theophylline;Caffeine
10610011;Trimethoprim, Sulfamethoxazole Drug Combination;Atovaquone;Naphthoquinones;Antifungal Agents
10615351;Ritonavir;HIV Protease Inhibitors
10636361;Plant Extracts;Antidepressive Agents
10638471;Water;Levofloxacin;Calcium Chloride;Magnesium Chloride;Dietary Sucrose;Ciprofloxacin;Ofloxacin;Anti-Infective Agents
10681341;Artemisinins;Fluorenes;Antimalarials
10683008;Immunosuppressive Agents;Cyclosporine;Azathioprine
10702883;Vasodilator Agents;Tablets;Tetrazoles;Suspensions
10706847;Anti-Bacterial Agents;Ergotamine;Erythromycin;Drug Combinations;Caffeine
10740993;Fluoxetine;Antidepressive Agents, Second-Generation
10741622;Calcium Channel Blockers;Vasodilator Agents;Nisoldipine;Antihypertensive Agents
10759694;Amiodarone;Anti-Arrhythmia Agents
10852634;Immunosuppressive Agents;Cyclosporine
10872652;Anticholesteremic Agents;Cytochrome P-450 Enzyme Inhibitors;Liver;Lovastatin;Hydroxymethylglutaryl-CoA Reductase Inhibitors
10878206;Nonprescription Drugs;Antacids
10893655;Analgesics, Non-Narcotic;Aspirin;Acetaminophen
10930711;Plant Extracts;Antidepressive Agents
10945313;Antihypertensive Agents;Felodipine
10968409;Ethanol;Serotonin;Hydroxytryptophol;Hydroxyindoleacetic Acid
11002387;Anticonvulsants;Drugs, Chinese Herbal;Valproic Acid;Carbamazepine;Drug Combinations;Phenytoin
11009051;Triazolam;Anti-Anxiety Agents
11049012;Anti-Inflammatory Agents;Hydrocortisone;Methylprednisolone
11061578;Hypolipidemic Agents;Simvastatin;Hydroxymethylglutaryl-CoA Reductase Inhibitors
11069440;Calcium Channel Blockers;Amlodipine;Placebos;Antihypertensive Agents
11073292;Immunosuppressive Agents;Cyclosporine
11079273;Emulsions;Immunosuppressive Agents;Cyclosporine
11103749;Antioxidants;Flavonoids;Cytochrome P-450 Enzyme Inhibitors;Flavanones;Delayed-Action Preparations;Radiation-Sensitizing Agents;Furocoumarins;Felodipine
11108077;Anti-Bacterial Agents;Ergotamine;Erythromycin
11117974;Drugs, Chinese Herbal;Ephedrine
11144706;Anticoagulants;Drugs, Chinese Herbal;Warfarin;Plant Extracts
11161079
11161541;Immunosuppressive Agents;Fat Emulsions, Intravenous;Cyclosporine
11180019;Cardiotonic Agents;Digoxin;Plant Extracts;Liver
11180020;Anticonvulsants;Carbamazepine
11180034;Enzyme Inhibitors;Cytochrome P-450 Enzyme Inhibitors;Methoxsalen;Antihypertensive Agents;Furocoumarins;Felodipine
11185412;Fluoroquinolones;Naphthyridines;Anti-Infective Agents
11194535;Anticoagulants;Warfarin;Vitamin K
11203429;Monoamine Oxidase Inhibitors;Antidepressive Agents
11206893;Anticoagulants;Platelet Aggregation Inhibitors
11214770;Calcium Channel Blockers;Nicardipine;Liver
11214778;Calcium Channel Blockers;Verapamil
11231102;Adrenergic beta-Antagonists
11257244;Contraceptives, Oral;Ethanol;Placebos;Norpregnenes;Ethinyl Estradiol
11269572;Emulsions;Immunosuppressive Agents;Cyclosporine
11276296;Plant Extracts;Antidepressive Agents
11310527;Anticoagulants;Hypoglycemic Agents;Warfarin;Plant Extracts
11322025;Anticonvulsants;Carbamazepine
11327742;Analgesics, Non-Narcotic;Acetaminophen;Liver
11347624;Vasoconstrictor Agents;Nelfinavir;Ergotamine;HIV Protease Inhibitors
11352440;Fluoroquinolones;Quinolines;Anti-Infective Agents
11356998;Antifibrinolytic Agents;Vitamin K 1;Vitamin K
11361052;Linezolid;Tyramine;Oxazolidinones;Monoamine Oxidase Inhibitors;Moclobemide;Anti-Infective Agents
11365266
11376916;Ethanol;Caffeine
11410431;Iron
11426073;Fluoxetine;Antidepressive Agents, Second-Generation;Anti-HIV Agents;Serotonin Uptake Inhibitors
11454132;Anticoagulants;Warfarin;Plant Extracts;Vitamin E;Drug Combinations;Vitamin K
11474706;Cyclosporine
11477318;Imidazoles;Losartan;Tetrazoles;Antihypertensive Agents;Anti-Arrhythmia Agents
11481175;Diuretics;Lithium
11501187;Omeprazole;2-Pyridinylmethylsulfinylbenzimidazoles;Antibodies, Monoclonal
11524501;Ritonavir;Vasoconstrictor Agents;Ergotamine;HIV Protease Inhibitors
11554427;Anticonvulsants;Drugs, Chinese Herbal;Liver;Carbamazepine
11558205
11570073;Nevirapine;Reverse Transcriptase Inhibitors;Anti-HIV Agents
11673746;Digoxin
11675844;Anticoagulants;Warfarin
11693229;Central Nervous System Stimulants;Ethanol;Ephedrine;Caffeine
11718495;Clofazimine;Aminosalicylic Acid;Antibiotics, Antitubercular;Ethionamide;Cycloserine;Antacids
11728055;Analgesics, Non-Narcotic;Ritonavir;Ergotamine;HIV Protease Inhibitors
11728770;Clarithromycin;Ergotamine;Drug Combinations;Caffeine
11740713;Saquinavir;Plant Extracts;Drug Combinations
11745911;Linezolid;Anti-Bacterial Agents;Oxazolidinones
11753267;Anticholesteremic Agents;Simvastatin;Pravastatin
11762562;Ethanol;Central Nervous System Depressants
11763808;Anticoagulants;Warfarin;Hemostatics;Vitamin K
11791889;Antipsychotic Agents;Enzyme Inhibitors;Cytochrome P-450 Enzyme Inhibitors;Ketoconazole;Antifungal Agents;Clozapine
11797495;Anti-Inflammatory Agents, Non-Steroidal
11823753;Flavonoids;Histamine H1 Antagonists;Terfenadine
11823754;Sildenafil Citrate;Phosphodiesterase Inhibitors;Purines;Piperazines
11871046;Immunosuppressive Agents;Cyclosporine
11906584
11936572;Calcium;Ciprofloxacin;Anti-Infective Agents
11953006;Fluoxetine;Anti-Anxiety Agents;Buspirone;Serotonin Uptake Inhibitors
11956673;Calcium Channel Blockers;Flavonoids;Flavanones;Verapamil;Hydrocortisone
11959616;Praziquantel;Anthelmintics
11966676;Amlodipine
12014354;Anticoagulants;Warfarin
12040751;Calcium Channel Blockers;Flavonoids;Nisoldipine;Flavanones;Nifedipine
12087344;Histamine H1 Antagonists;Anti-Allergic Agents;Terfenadine
12187697;Muscarine
12362932;HIV Protease Inhibitors;Indinavir
12391711;Nonprescription Drugs
12393786
12394419;Alprazolam;Anti-Anxiety Agents;Buspirone
12404692;Ethanol;Caffeine
12451428;Calcium Channel Blockers;Diltiazem
12452752;Anticoagulants;Warfarin
12463728;Anti-Anxiety Agents;Hypnotics and Sedatives;Benzodiazepines
12472986;Proguanil;Antimalarials;Cloxacillin
12482227;Ergotamine;HIV Protease Inhibitors;Drug Combinations;Caffeine
12495014;Hymecromone
12503845;Serotonin Receptor Agonists;Buspirone
12520633;Fluoroquinolones;Calcium;Anti-Infective Agents
12545142;Liver;Terfenadine;Cyclosporine;Midazolam
12554137;Analgesics, Opioid;Morphine
12580002;Digoxin
12580992;Plant Extracts;Ritonavir;HIV Protease Inhibitors
12580993;Immunosuppressive Agents;Plant Extracts;Cyclosporine
12589390;Ethanol;Caffeine
12618710;Vasoconstrictor Agents;Ergotamine;HIV Protease Inhibitors
12621384;Celiprolol;Adrenergic beta-Antagonists;Itraconazole
12636154;Digoxin
12649774;Analgesics, Opioid;Methadone
12672771;Anti-Obesity Agents;Ephedrine;Caffeine
12677367;Immunosuppressive Agents;Cyclosporine
12680887;Anti-Anxiety Agents;Hypnotics and Sedatives;Benzodiazepines
12695337;Alprazolam;Plant Extracts;Dextromethorphan
12757117;Vitamins;Vitamin K
12773074;Drugs, Chinese Herbal;Warfarin
12782911;Drugs, Chinese Herbal;Serotonin Uptake Inhibitors
12811362;Calcium Channel Blockers;Enzyme Inhibitors;Cytochrome P-450 Enzyme Inhibitors;NADP;Radiation-Sensitizing Agents;Furocoumarins;Felodipine
12818420;Plant Extracts;Ibuprofen
12825970;Drugs, Chinese Herbal;Warfarin
12845387;Cardiotonic Agents;Digoxin
12891227;Alprazolam;Sulfinic Acids;Dextromethorphan
12906366;Central Nervous System Stimulants;Melatonin;Capsules;Caffeine
12908854;Fleroxacin;Ciprofloxacin;Caffeine
12915954;Menthol;Caffeine
12921244;Digoxin
12940502;Central Nervous System Stimulants;Ethanol;Central Nervous System Depressants;Caffeine
12942422;Ritonavir;Ergotamine
12959294;Enzyme Inhibitors;Immunosuppressive Agents;Cytochrome P-450 Enzyme Inhibitors;Plant Extracts;Cyclosporine
12971031;Levofloxacin;Calcium, Dietary;Ofloxacin;Anti-Infective Agents
13309332;Anti-Bacterial Agents;Tetracyclines;Metals;Ions;Cations;Tetracycline
13358299;Ethanol
13359661;Amphetamine;Ethanol;Dextroamphetamine;Caffeine
13811223;Tranquilizing Agents;Antipsychotic Agents
13855374;Disulfiram
14088308;Monoamine Oxidase Inhibitors
14100187;Tranylcypromine;Trifluoperazine
14132623;Dihydroxyphenylalanine;Monoamine Oxidase Inhibitors;Pargyline
14172385;Monoamine Oxidase Inhibitors
14214493;Pharmaceutical Preparations
14254960;Imipramine;Central Nervous System Stimulants;Iproniazid;Antidepressive Agents
14280527;Tyramine;Tranylcypromine;Trifluoperazine
14498173;Chlortetracycline;Demeclocycline
14567065;Berberine;Angiotensin-Converting Enzyme Inhibitors;Vasoconstrictor Agents;Cyclic AMP;Nitric Oxide
14595580;Drugs, Chinese Herbal;Plant Extracts;Platelet Aggregation Inhibitors;Ticlopidine
14612100;Immunosuppressive Agents;Placebos;Cyclosporine
14616409;Pyrimidines;Triazoles;Voriconazole;Antifungal Agents
14616429;Melatonin;Drug Combinations;Caffeine
14629295;Creatinine
14653226;Hypnotics and Sedatives;Benzodiazepines
14663456;Alprazolam;Antitussive Agents;Plant Extracts;Androgen Antagonists;Anti-Anxiety Agents;Dextromethorphan
14684645;Anticoagulants;Warfarin
14713367;Drugs, Chinese Herbal;Caffeine
14717783;Anticoagulants;Warfarin;Vitamin K
14725610;Cytochrome P-450 CYP1A2 Inhibitors;Antipsychotic Agents;Clozapine;Caffeine
14742762;Anticoagulants;Phenprocoumon
14749695;Plant Extracts;Tolbutamide;Dextromethorphan;Midazolam;Caffeine
14765835;Anticoagulants;Warfarin
14981197;Anticholesteremic Agents;Enzyme Inhibitors;Cytochrome P-450 Enzyme Inhibitors;Simvastatin;Furocoumarins
15001969;Celiprolol;Adrenergic beta-Antagonists
15001970;Omeprazole;Plant Extracts
15025743;Atorvastatin Calcium;Anticholesteremic Agents;Pyrroles;Pravastatin;Drug Combinations
15025748;Hydrocortisone;Caffeine
15060505;Central Nervous System Stimulants;Ephedrine;Caffeine
15060508;Verapamil
15089812;Anticoagulants;Warfarin;Plant Extracts
15098799;2-Hydroxypropyl-beta-cyclodextrin;beta-Cyclodextrins;Antifungal Agents;Cyclodextrins;Pharmaceutical Solutions;Itraconazole
15121490;Anticoagulants;Warfarin;Phenprocoumon;Vitamin K
15151167;Water;Acetaminophen;Plant Extracts
15169710;Venlafaxine Hydrochloride;Drugs, Chinese Herbal
15176651;Digoxin;Antidiarrheals;Digitoxin;Plant Extracts;Anti-Arrhythmia Agents
15179409;Powders;Digoxin;Plant Extracts;Tablets, Enteric-Coated
15186565;Anticoagulants;Warfarin
15206993;Anticholesteremic Agents;Simvastatin;Hydroxymethylglutaryl-CoA Reductase Inhibitors
15223879;Antitubercular Agents
15229464;Methadone
15231565;Anticoagulants;Vitamin K
15238367;Anticoagulants;Warfarin
15292490;Anesthetics, Inhalation
15307118;Warfarin;Vitamin K
15329598;Troleandomycin;Analgesics, Opioid;Antibiotics, Antitubercular;Liver;Antiemetics;Fentanyl;Rifampin
15344253
15372129;Enzyme Inhibitors;Cytochrome P-450 Enzyme Inhibitors;Cimetidine;Antidepressive Agents;Perylene;Carbamazepine
15449760;Analgesics, Non-Narcotic;Anticoagulants;Warfarin;Acetaminophen
15470332;Immunosuppressive Agents;Plant Extracts;Phloroglucinol;Antidepressive Agents;Cyclosporine;Bridged Bicyclo Compounds
15506876;Dietary Sucrose
15521566;Hypoglycemic Agents;Plant Extracts
15521893;Linezolid;Tyramine;Oxazolidinones;Monoamine Oxidase Inhibitors;Moclobemide
15536458;Central Nervous System Stimulants;Debrisoquin;GABA Modulators;Plant Extracts;Midazolam;Adrenergic Agents;Caffeine
15581264;Flavonoids;Immunosuppressive Agents;Quercetin;Cyclosporine
15592321;Anticoagulants;Coumarins
15592332;Calcium Channel Blockers;Capsules;Delayed-Action Preparations;Furocoumarins;Felodipine
15608563;Omeprazole;Enzyme Inhibitors;Plant Extracts
15635366;Tyramine;Monoamine Oxidase Inhibitors;Antidepressive Agents
15655860;Anticoagulants;Warfarin
15673597;Anticonvulsants;Carbamazepine
15735611;Water;Terfenadine
15735617;Pyrazoles;Celecoxib
15801937;Anticoagulants;Warfarin
15856409;Alprazolam;Cardiotonic Agents;Hypoglycemic Agents;Central Nervous System Stimulants;Digoxin;Plant Extracts;Tolbutamide;Anti-Anxiety Agents;Caffeine
15886802;Anticoagulants;Warfarin;Vitamin K
15900287;Capsules;Midazolam;Caffeine
15900292;Cytochrome P-450 CYP1A2 Inhibitors;Water;Plant Extracts
15901751;Omeprazole;Water;Plant Extracts;2-Pyridinylmethylsulfinylbenzimidazoles;Lansoprazole
15903127;Adrenergic beta-Antagonists
15983823;Adrenergic beta-Antagonists;Atenolol
16062162;Analgesics, Opioid
16100300;Anti-Inflammatory Agents, Non-Steroidal;Povidone;Tablets;Ibuprofen;Pharmaceutic Aids
16116693;Proton Pump Inhibitors;Bicarbonates;Calcium Carbonate;Histamine H2 Antagonists;Antacids
16120075
16122283;Fluoroquinolones;Quinolines;Anti-Bacterial Agents;Tablets;Suspensions
16133554;Berberine;Antidiarrheals;Cyclosporine
16203421
16221754;Clarithromycin;Digoxin;Rifampin
16236039;Quinolines;Atorvastatin Calcium;Anticholesteremic Agents;Enzyme Inhibitors;Pyrroles
16261361;Cytochrome P-450 CYP1A2 Inhibitors;Enzyme Inhibitors;Artemisinins;Antimalarials;Antinematodal Agents;Theophylline;Caffeine;Thiabendazole
16305592;Adrenergic beta-Antagonists;Acebutolol;Antihypertensive Agents;Anti-Arrhythmia Agents
16388930;Linezolid;Anti-Bacterial Agents;Oxazolidinones
16412477;Simvastatin;Hydroxymethylglutaryl-CoA Reductase Inhibitors;Pravastatin
16413247;Anti-Inflammatory Agents, Non-Steroidal;Fluconazole;Antifungal Agents;Flurbiprofen
16416305;Triazolam;Hypnotics and Sedatives;Benzodiazepines
16428919;Plant Extracts;Tolbutamide;Diclofenac
16484565;Anticoagulants;Warfarin;Plant Extracts;Placebos
16541194;Berberine;Enzyme Inhibitors;Cytochrome P-450 Enzyme Inhibitors;Liver;Cyclosporine
16636327;Anticoagulants;Warfarin;Ointments
16704760;Cardiotonic Agents;Cardiac Glycosides;Digoxin
16772772;Anticoagulants;Warfarin
16923466;Pyrimidines;Rosuvastatin Calcium;Hydroxymethylglutaryl-CoA Reductase Inhibitors
16941417;Anticoagulants;Warfarin;Vitamin K
17016323
17018502;Creatinine;Calcium;Antacids
17062300;Analgesics, Non-Narcotic;Sodium Bicarbonate;Acetaminophen;Drug Combinations
17079360;Cardiotonic Agents;Cytochrome P-450 CYP2D6 Inhibitors;Clarithromycin;Cytochrome P-450 Enzyme Inhibitors;Digoxin;Rifampin
17089110;Uric Acid;Polychlorinated Biphenyls;Uracil;Xanthines;Caffeine
17546822
17641611;Antioxidants;Vasodilator Agents;Plant Extracts
18226589
20238900;Sulfates;Quinine
20301621
21010059;Antifibrinolytic Agents;Heparin Antagonists;Naphthoquinones;Quinine;Vitamins;Vitamin K
21090491;Ethanol
22282124
25032445
8347123;Hydroxylamine;Oxygen;NADP
12098842;Analgesics, Non-Narcotic;Sodium Bicarbonate;Excipients;Tablets;Acetaminophen
14255341;Disulfiram
3677487;Ethanol
