Water;6
Menthol/administration & dosage;1
Gas Chromatography-Mass Spectrometry;6
Cytochrome P-450 CYP1A2/metabolism;10
Tablets;12
Citrus sinensis;3
Arteriosclerosis Obliterans/physiopathology;1
HIV-1/enzymology;1
Triazoles/adverse effects;1
Mushroom Poisoning/etiology;3
Clindamycin/administration & dosage;1
England;1
Receptors, Cell Surface/drug effects;1
Hematoma, Epidural, Cranial/surgery;1
Hypertension/physiopathology;4
Naphthoquinones/pharmacokinetics;4
Patient Dropouts;1
Anthelmintics/pharmacokinetics;1
Cyclosporins/pharmacokinetics;2
Sildenafil Citrate;1
Propranolol/pharmacology;1
Genes, MDR/drug effects;1
Oximes/metabolism;1
Erythromycin/administration & dosage;3
Yeast, Dried/analysis;1
Psychotic Disorders/blood;1
Edible Grain;1
Ephedrine/pharmacokinetics;1
Hydroxydopamines/pharmacology;1
Plant Extracts/pharmacology;23
Chlorpropamide/therapeutic use;1
Antacids/pharmacokinetics;2
Ethanol/pharmacokinetics;3
Ephedra/adverse effects;1
Carbohydrate Metabolism;1
Oxidoreductases/antagonists & inhibitors;2
Angiotensin-Converting Enzyme Inhibitors/pharmacology;2
Cerebral Infarction/drug therapy;1
Random Allocation;20
Tyramine/administration & dosage;4
Iron/administration & dosage;1
Neomycin/pharmacology;1
Phenytoin/blood;8
Magnetic Resonance Imaging;1
Diet;29
Dipyridamole/adverse effects;2
Sodium-Potassium-Exchanging ATPase/metabolism;1
Intestine, Small/drug effects;2
Agaricales/analysis;2
Analgesics/therapeutic use;1
Blood Coagulation/physiology;2
Chronic Disease;2
Fluphenazine/pharmacology;1
Kidney/pathology;1
Naphthyridines/pharmacokinetics;1
Estradiol/pharmacology;2
Sesquiterpenes/administration & dosage;1
Citrus/adverse effects;2
Antidepressive Agents/pharmacokinetics;1
Glycyrrhizic Acid;2
Anticholesteremic Agents/pharmacokinetics;5
Ergotamine/adverse effects;12
Depressive Disorder/blood;1
Infant Food/adverse effects;1
Hypoglycemic Agents/isolation & purification;1
Cardiotonic Agents/blood;3
Urea/pharmacology;1
Thyroxine/blood;1
Food, Fortified/analysis;1
Estradiol Congeners/pharmacokinetics;1
Water/administration & dosage;2
Miconazole/metabolism;1
Food;54
Panax/chemistry;2
Oxygen;1
Triazoles/pharmacokinetics;1
Metoprolol/administration & dosage;1
Cytochrome P-450 CYP2E1 Inhibitors;1
Spironolactone/pharmacology;1
Sodium/pharmacology;1
Fasting/metabolism;3
Cheese/analysis;4
Duodenum/metabolism;2
Weight Loss;1
Dextromethorphan/pharmacokinetics;3
Pregnancy Complications/diagnosis;1
Anti-Anxiety Agents;1
Naproxen/adverse effects;2
Phosphodiesterase Inhibitors/adverse effects;1
Parkinson Disease/drug therapy;1
Staphylococcus aureus/isolation & purification;1
Cooking;1
Cyclosporine/therapeutic use;3
Humans;658
Peritonitis/drug therapy;1
Eating/physiology;5
Angiotensin-Converting Enzyme Inhibitors/blood;1
Drug Resistance/drug effects;1
Isoquinolines/pharmacokinetics;1
Chromatography, Thin Layer;2
Tannins;1
Bromobenzenes/pharmacology;1
Ergotamine/poisoning;2
Parenteral Nutrition;3
Plant Extracts/chemistry;4
Leg/blood supply;4
Powders;1
Antipsychotic Agents/pharmacology;1
Nausea/drug therapy;1
Bronchial Spasm/drug therapy;1
Hematoma, Subdural/etiology;1
Muscle, Smooth, Vascular/drug effects;1
Central Nervous System Stimulants/administration & dosage;5
Diarrhea/therapy;1
Acetamides/administration & dosage;3
Chemistry;2
Fluoxetine/adverse effects;4
Methoxsalen/analogs & derivatives;2
HIV Infections/complications;2
Antiprotozoal Agents/blood;1
Blood Coagulation Tests;1
Acetaminophen/therapeutic use;2
Benzodiazepines/metabolism;1
Dialysis;1
Salvia;1
Tranylcypromine/adverse effects;5
Drug Contamination;2
Warfarin/antagonists & inhibitors;10
Fluoroquinolones;9
Chelating Agents/administration & dosage;1
Thrombosis/prevention & control;1
Diazepam/pharmacokinetics;1
Melatonin/administration & dosage;1
Protein Binding/drug effects;2
Prothrombin Time;13
Nephritis, Interstitial/etiology;1
Thrombosis/drug therapy;1
Meat Products/analysis;1
Sulfates;1
DNA, Complementary/genetics;1
Magnesium Hydroxide;1
Minocycline/blood;1
Metronidazole/pharmacokinetics;1
Drug Interactions/physiology;5
Norepinephrine/blood;2
Monoamine Oxidase Inhibitors/metabolism;1
Coprinus/pathogenicity;1
Sulfamethazine/adverse effects;1
Brain Diseases/chemically induced;1
Tyramine/analysis;5
Aza Compounds;1
Anti-Infective Agents/pharmacology;9
Ketoconazole;1
Hypercalcemia/etiology;1
Diuretics/pharmacokinetics;1
Energy Intake;1
Dietary Supplements/utilization;1
Hibiscus;1
Tetracyclines/blood;1
Peripheral Nervous System Diseases/chemically induced;1
Artemisinins;3
Citrates/administration & dosage;3
Cephalosporins/administration & dosage;2
Pipemidic Acid/pharmacology;1
Gastroesophageal Reflux/drug therapy;1
Ischemia/etiology;1
Vasodilator Agents/administration & dosage;1
Sodium Bicarbonate;3
Hospital Volunteers;1
Dipyridamole/antagonists & inhibitors;1
Oxprenolol/blood;1
Cellulose;1
Disulfiram/pharmacology;3
Enalapril/metabolism;1
Environmental Pollutants/poisoning;1
RNA, Messenger/genetics;1
Allyl Compounds;1
Serotonin Receptor Agonists/blood;1
Serenoa;2
Oxazines/pharmacology;2
Brain Injuries/psychology;1
Peptides/metabolism;1
Imidazoles/pharmacokinetics;1
Doxycycline/metabolism;1
Tissue Distribution/drug effects;1
Perylene/pharmacokinetics;1
Itraconazole/pharmacokinetics;6
Naproxen/pharmacokinetics;5
Nitrendipine/pharmacology;1
Anti-Asthmatic Agents/administration & dosage;1
Calcium/blood;2
Hypoglycemic Agents/pharmacology;1
Organic Anion Transporters/metabolism;2
Clindamycin/pharmacokinetics;1
Body Mass Index;1
Intestinal Mucosa/cytology;1
Ascorbic Acid/pharmacology;1
Constipation/diet therapy;1
Panax/metabolism;1
Graft Rejection/etiology;1
Chemical Precipitation;2
Peptides/chemistry;1
Heptanoic Acids/pharmacokinetics;2
Rats;20
Nimodipine/pharmacokinetics;1
Pneumonia, Pneumocystis/prevention & control;1
Amlodipine/adverse effects;1
Caffeine/toxicity;1
Pyridines/therapeutic use;1
Metabolic Clearance Rate/physiology;1
Plant Preparations/administration & dosage;6
Serotonin Receptor Agonists/adverse effects;2
Sesquiterpenes/blood;2
Anti-Inflammatory Agents/metabolism;3
Antipsychotic Agents/blood;4
Estrone/blood;1
Stereoisomerism;9
Area Under Curve;88
Hypericum;10
Psoriasis/drug therapy;1
Clavulanic Acids/metabolism;1
Pyridazines/pharmacokinetics;1
Cholestyramine Resin/metabolism;1
Blood Platelets/metabolism;1
Pulmonary Embolism/drug therapy;4
Antifibrinolytic Agents;1
Propantheline/pharmacology;1
Psychiatric Status Rating Scales;3
Methysergide/therapeutic use;2
NADP;1
Ampicillin/urine;3
Ciprofloxacin/blood;7
Alcoholic Intoxication;1
Cellulose/metabolism;1
Plantago/adverse effects;1
Brain Death/diagnosis;1
Acenocoumarol/pharmacology;1
Antifungal Agents/metabolism;1
Quinine/urine;1
Muscle, Skeletal/metabolism;1
Flicker Fusion/drug effects;3
Syndrome;3
Environmental Pollutants/chemistry;1
Pyridines/metabolism;2
Tetrazoles/administration & dosage;1
Furazolidone/toxicity;1
Piperazines/adverse effects;1
Algorithms;1
Thiazines/metabolism;1
Radionuclide Imaging;2
Complementary Therapies/utilization;1
Dihydroergotamine/pharmacokinetics;1
Tromethamine/toxicity;1
Anti-Arrhythmia Agents/pharmacokinetics;4
Research Design;1
Pargyline;1
Isoniazid/pharmacokinetics;1
Gastrostomy;1
Inactivation, Metabolic;2
Nutritive Value;1
Acetylcysteine/administration & dosage;1
Intracranial Hemorrhages/chemically induced;1
Alcohol Drinking;3
Antipsychotic Agents/therapeutic use;1
Quinolones;3
Albendazole/pharmacokinetics;1
Benzophenones/pharmacokinetics;1
Memory/drug effects;3
Indomethacin/administration & dosage;1
Digoxin/administration & dosage;2
Antipsychotic Agents/chemistry;1
Dihydroergotamine/adverse effects;4
Escherichia coli/enzymology;1
Proguanil/pharmacology;1
Fluoxetine/pharmacokinetics;2
Caco-2 Cells/metabolism;2
Blood Vessels/drug effects;1
Sodium/urine;1
Catalysis/drug effects;1
Dietary Fiber/therapeutic use;1
Saliva/metabolism;1
Plant Extracts/administration & dosage;11
European Continental Ancestry Group;4
Vitamin K Deficiency/physiopathology;1
Arrhythmias, Cardiac/chemically induced;1
Blood Proteins/analysis;1
Cosmetics/adverse effects;1
Brain Injuries/complications;1
Ethinyl Estradiol/blood;2
Alprazolam/pharmacology;2
Pakistan/ethnology;1
Carbohydrates/administration & dosage;1
Prednisolone/blood;1
Medicine, Kampo;2
Hydrogen-Ion Concentration;14
Valproic Acid/pharmacokinetics;1
Anticholesteremic Agents/blood;2
Autoimmune Diseases/blood;1
Lorazepam/pharmacology;3
Citrus/chemistry;12
Quinidine/analysis;1
Tetracycline/urine;1
Evoked Potentials/drug effects;1
Pregnancy/blood;1
Cheese/adverse effects;3
Retinoids;1
Hydralazine/pharmacology;1
Organic Anion Transporters/chemistry;1
Pregnancy Complications/chemically induced;1
Anti-Asthmatic Agents/blood;1
Chemical Phenomena;2
Lovastatin/blood;2
Verapamil/administration & dosage;1
Liver Diseases/metabolism;1
Nutritional Requirements;1
Drug Residues/poisoning;1
Oxprenolol/metabolism;1
Indinavir/pharmacokinetics;2
Anticonvulsants/pharmacokinetics;10
Tears/metabolism;1
Felodipine/adverse effects;4
Pharmacology;1
Ofloxacin;3
Cyclohexanols/pharmacology;1
Verapamil/urine;1
Fluphenazine/blood;1
Hydroxymethylglutaryl-CoA Reductase Inhibitors/blood;5
Urethritis/drug therapy;1
Amoxicillin/administration & dosage;1
Energy Metabolism/drug effects;1
Protein Binding;4
Gram-Negative Bacterial Infections/metabolism;1
Cimetidine/pharmacology;4
Hyperlipoproteinemia Type II/diet therapy;1
Plant Extracts/blood;3
Depressive Disorder/complications;1
Central Nervous System Stimulants/adverse effects;2
Terfenadine/pharmacology;1
Fluorenes/pharmacokinetics;1
Momordica charantia;1
Aminophylline/blood;1
Sinusitis/drug therapy;1
Lithium/metabolism;1
Aluminum/urine;2
Drugs, Chinese Herbal/poisoning;1
Povidone;1
Contraceptives, Oral, Hormonal/adverse effects;2
Antidepressive Agents/adverse effects;7
Drug-Related Side Effects and Adverse Reactions;1
Alprazolam/blood;3
HIV Protease Inhibitors/adverse effects;5
Diabetes Mellitus/blood;1
Benzodiazepines/blood;1
Affect/physiology;1
Anticarcinogenic Agents/metabolism;1
Caco-2 Cells;1
Benzodiazepinones/blood;1
Drugs, Chinese Herbal/pharmacology;7
Graft Rejection/physiopathology;1
Anti-Anxiety Agents/pharmacology;6
Estradiol Congeners/blood;1
Amphetamine/analogs & derivatives;1
Calcium/therapeutic use;1
Ethanol;1
Proton Pump Inhibitors;1
Tetrazoles/blood;1
Phenytoin/poisoning;1
Plants/chemistry;1
Ethionamide/pharmacology;1
Acetaminophen/blood;6
Postoperative Hemorrhage/etiology;2
Polymorphism, Genetic;1
Antitubercular Agents/pharmacokinetics;2
Pharyngitis/complications;1
Running;1
Amphetamines;1
Hydroxymethylglutaryl-CoA Reductase Inhibitors/therapeutic use;1
Diltiazem/pharmacology;2
Cytochrome P-450 CYP2D6;1
Flunitrazepam/pharmacokinetics;1
Confidence Intervals;4
Anesthesia, General;1
Hypotension, Orthostatic/diagnosis;1
Age Factors;6
Phytotherapy/methods;2
Antidepressive Agents, Second-Generation/therapeutic use;2
Anti-Bacterial Agents/pharmacology;3
Wakefulness/drug effects;1
Triazolam/pharmacokinetics;3
Pyrimidines/pharmacology;3
Anticonvulsants/administration & dosage;2
Hypoglycemic Agents;1
Inpatients;1
Stomach/metabolism;1
Oxidoreductases, N-Demethylating/metabolism;5
Ciprofloxacin/urine;2
Sweden;1
Histamine H1 Antagonists/pharmacology;1
Buspirone/adverse effects;2
Adult;468
Glucose/metabolism;1
Dietary Carbohydrates/adverse effects;1
Retrospective Studies;2
Terfenadine/administration & dosage;1
Antidepressive Agents, Tricyclic/blood;1
Wisconsin;1
Body Weight/drug effects;1
Reproducibility of Results;5
Drug Administration Schedule;13
Blood Glucose/metabolism;4
Infusions, Parenteral;2
Immunosuppressive Agents/administration & dosage;5
Digoxin/therapeutic use;1
Antifibrinolytic Agents/pharmacokinetics;1
Clinical Trials as Topic;11
Arthroplasty;1
Nisoldipine/blood;2
Sulfinic Acids/metabolism;1
Citrus paradisi/physiology;1
Hypertension/etiology;2
Mushroom Poisoning/therapy;1
Rhabdomyolysis/etiology;1
Plant Roots/anatomy & histology;1
Troleandomycin/adverse effects;3
Pharyngitis/drug therapy;1
Absorption/drug effects;1
Splanchnic Circulation;1
Atrial Fibrillation/drug therapy;3
Chemical and Drug Induced Liver Injury;1
Cations;1
In Vitro Techniques;8
Psychomotor Performance/physiology;2
Lansoprazole;1
Coma/chemically induced;1
Soybeans;3
Kava;1
Agaricales/pathogenicity;2
Bromobenzenes/pharmacokinetics;1
Triazolam/antagonists & inhibitors;1
Azithromycin;2
Skin Diseases, Infectious/drug therapy;1
Metabolism/drug effects;1
Fluorometry;1
Gallbladder/drug effects;1
Substance Withdrawal Syndrome/blood;1
Garlic/chemistry;1
Hypercalcemia/chemically induced;4
Cattle;1
Central Nervous System Stimulants/pharmacology;3
Coprinus/analysis;2
Hypnotics and Sedatives;1
Ethanolamines/therapeutic use;1
Methysergide/administration & dosage;1
Prednisolone/analogs & derivatives;2
Plant Preparations/pharmacokinetics;1
Triazolam/administration & dosage;1
Anti-HIV Agents/pharmacology;1
Thiabendazole/pharmacology;1
Ticlopidine/blood;1
Sulfonamides/metabolism;1
Isoniazid/therapeutic use;3
Potassium/urine;1
Nicardipine/pharmacokinetics;1
Controlled Clinical Trials as Topic;1
Saliva/chemistry;1
Blotting, Western;2
Diltiazem/pharmacokinetics;1
Antimalarials/pharmacokinetics;5
Hypnotics and Sedatives/administration & dosage;2
Terfenadine/blood;4
RNA, Messenger/analysis;1
Hospital Bed Capacity, 500 and over;1
Oxazepam/blood;1
Cyclosporine/pharmacokinetics;20
Gastrostomy/instrumentation;1
Quercetin/pharmacology;1
Aryl Hydrocarbon Hydroxylases;5
Rifampin/urine;1
Propanolamines/blood;2
Cyclohexanols/adverse effects;1
Physicians;1
Tyramine/therapeutic use;1
Diet Records;1
Biological Availability;138
Tetracycline/administration & dosage;1
Nutrition Policy;2
Tuberculosis/drug therapy;2
Exercise Test;1
Electrophoresis, Capillary;1
Cardiovascular Diseases/drug therapy;1
Simvastatin/analogs & derivatives;2
Anemia, Hypochromic/etiology;1
Biotransformation;15
Surveys and Questionnaires;4
Alcohol Drinking/adverse effects;5
Calcium Chloride;1
Intestinal Absorption/drug effects;21
Valproic Acid/poisoning;1
Enalapril/analogs & derivatives;2
Calcium/pharmacology;1
Feeding Behavior;2
Phosphodiesterase Inhibitors/pharmacokinetics;1
Vitamin K 1/pharmacology;3
Analgesics, Opioid/pharmacokinetics;1
Fentanyl/pharmacology;1
Anti-HIV Agents/adverse effects;2
Omeprazole;1
Enzyme Inhibitors/blood;1
Vitamin K 2/analogs & derivatives;1
Thiazines/blood;2
gamma-Linolenic Acid;1
Flavonoids/metabolism;1
Dietary Proteins/adverse effects;2
Glomerular Filtration Rate/drug effects;1
Pain Measurement;2
Antifungal Agents/administration & dosage;6
Antimalarials/therapeutic use;1
Ergotamines/therapeutic use;2
Diltiazem/administration & dosage;1
Menopause;1
Escherichia coli/isolation & purification;1
Hematologic Diseases/blood;1
Ziziphus/adverse effects;1
Acetaminophen/metabolism;5
Antacids/adverse effects;4
Uterine Hemorrhage/chemically induced;1
Diet, Vegetarian;2
Central Nervous System Depressants/pharmacokinetics;2
Nisoldipine/pharmacokinetics;3
Aspirin/pharmacology;1
Hallux/blood supply;1
Schizophrenia/drug therapy;4
Hyperemia/chemically induced;1
Hypertension/drug therapy;7
Vitamin K;1
Tyramine;1
Wine/analysis;1
Pharmaceutical Preparations/metabolism;1
Vitamin K/administration & dosage;18
Diazepam/blood;1
Diabetic Nephropathies/therapy;1
Dyskinesia, Drug-Induced/blood;1
Constriction;1
Reverse Transcriptase Inhibitors/blood;1
Anti-Bacterial Agents/metabolism;2
Combined Modality Therapy;1
Acetates/blood;1
Dietary Fiber/administration & dosage;2
Calcium Channel Blockers/urine;1
Methylprednisolone/pharmacology;1
Ischemia/drug therapy;1
Calcium Channel Blockers/chemistry;1
Anti-Infective Agents/analysis;1
Quality of Life;1
Xanthines/metabolism;1
Acetates/pharmacokinetics;2
Furocoumarins/pharmacology;7
Body Weight;3
Coronary Disease/drug therapy;1
Autonomic Nervous System Diseases/drug therapy;1
Carbamazepine/pharmacokinetics;6
Bread/analysis;1
Clinical Protocols;1
Glass;1
Cefuroxime/analogs & derivatives;1
Trimethoprim, Sulfamethoxazole Drug Combination/pharmacokinetics;1
Carbamazepine/blood;1
Amoxicillin/blood;2
Morphine/urine;1
Foodborne Diseases/etiology;3
Coffee;8
Autoimmune Diseases/drug therapy;1
Milk, Human/metabolism;1
Pulse/drug effects;1
Norpregnenes/pharmacology;1
Quinine/pharmacokinetics;1
Blood Platelet Disorders/complications;1
Substance-Related Disorders/drug therapy;1
Diet/standards;1
Cloxacillin/administration & dosage;1
Pharmacogenetics;1
Electrophoresis, Polyacrylamide Gel;1
Wounds, Gunshot/therapy;1
Linear Models;1
Cephalosporins/urine;1
Neurocognitive Disorders/drug therapy;1
Hematoma, Epidural, Cranial/etiology;1
Anxiety/drug therapy;1
Citrus;75
Pregnancy;3
Captopril/metabolism;2
Naphthyridines/metabolism;1
Blood Pressure/drug effects;43
Hydrastis/metabolism;1
Fatty Acids, Essential/deficiency;1
Capsicum;1
Cardiovascular System/drug effects;1
Dietary Fats/adverse effects;2
Weight Loss/drug effects;1
Akathisia, Drug-Induced;1
Ciprofloxacin/pharmacology;6
Cholecystectomy, Laparoscopic;1
Diet, Sodium-Restricted/adverse effects;1
Extracellular Fluid/metabolism;1
Oxazepam/analogs & derivatives;1
Schizophrenic Psychology;2
Hypotension, Orthostatic/etiology;1
Diet, Reducing;2
Beverages/microbiology;1
Angiotensin I/pharmacology;1
Hypolipidemic Agents/pharmacokinetics;1
Sleep/drug effects;1
Tissue Distribution;3
Benzodiazepinones/pharmacokinetics;1
Estrogens/adverse effects;1
Medicago sativa/adverse effects;1
Sodium-Potassium-Exchanging ATPase/antagonists & inhibitors;1
Clavulanic Acid;1
Genes, MDR/genetics;2
Dextromethorphan/urine;1
Ketoconazole/analogs & derivatives;2
Kidney Diseases/chemically induced;2
Antidepressive Agents, Tricyclic/therapeutic use;1
Drugs, Chinese Herbal/therapeutic use;5
Debrisoquin/pharmacokinetics;1
Furocoumarins/isolation & purification;1
Butanones/metabolism;1
Drinking;3
Dextroamphetamine;1
Vasospasm, Intracranial/chemically induced;1
Reverse Transcriptase Polymerase Chain Reaction;1
Flurbiprofen/administration & dosage;1
Sumatriptan/therapeutic use;1
Epilepsy/drug therapy;1
Heart Rate/drug effects;29
Lorazepam/antagonists & inhibitors;1
Digoxin/chemistry;1
Anticoagulants/analysis;1
2-Pyridinylmethylsulfinylbenzimidazoles;2
Tomography, Emission-Computed;1
Antiviral Agents/administration & dosage;2
Blood Platelets/drug effects;1
Anti-Bacterial Agents/adverse effects;3
Back Pain/drug therapy;1
Practice Guidelines as Topic;1
Cytochrome P-450 CYP2C9;4
Oximes;1
Body Composition;1
Amines;2
Propanolamines/metabolism;1
HIV Protease Inhibitors/blood;2
Vitamin K/pharmacokinetics;2
Hydralazine/administration & dosage;4
Acquired Immunodeficiency Syndrome/drug therapy;1
Chromatography, Gas;6
Saquinavir/metabolism;1
Phenytoin/analysis;3
Ticlopidine/pharmacology;1
Cephalosporins;1
Aloe/adverse effects;1
Antihypertensive Agents/pharmacology;3
Cimetidine/metabolism;1
Thiazines/pharmacokinetics;1
Plants, Toxic;1
Psychomotor Performance;1
Erythromycin/metabolism;1
Calcium Channel Blockers/pharmacology;7
Chemistry, Clinical/methods;1
Anti-Infective Agents/urine;4
Pectins/pharmacology;2
Sympathetic Nervous System/drug effects;1
Chlorpropamide/metabolism;1
Vaccinium macrocarpon;4
Osteocalcin/blood;1
Alfentanil;1
Hydroxylamines/pharmacology;2
Drug Monitoring;7
Tetrazoles/metabolism;1
Fruit/adverse effects;1
Skin Diseases/etiology;1
Tea/metabolism;1
Wine;3
Thallium;1
Vitis;1
Analgesics, Non-Narcotic/therapeutic use;1
Depression, Chemical;1
Hypersensitivity, Immediate;1
Analgesics, Non-Narcotic/blood;1
Anti-HIV Agents/blood;1
Kidney/drug effects;1
Renal Insufficiency;1
Headache/chemically induced;4
Magnoliopsida/therapeutic use;1
Tyramine/pharmacology;9
Acetaminophen/analogs & derivatives;2
Acetylation;2
Motor Skills/drug effects;4
Quality Control;1
Medicine, Chinese Traditional;3
Ampicillin/analogs & derivatives;4
Lovastatin/adverse effects;1
Autonomic Nervous System Diseases/chemically induced;1
Receptors, Adrenergic, beta/metabolism;1
Alkalosis/chemically induced;1
Terminology as Topic;1
Methoxsalen/adverse effects;1
Neoplasms/drug therapy;1
Enteral Nutrition;22
Ritonavir/adverse effects;4
Carbamazepine/pharmacology;3
Anti-Allergic Agents/adverse effects;1
Warfarin/analogs & derivatives;1
Gastrectomy;1
Aminophylline/administration & dosage;1
Piroxicam/pharmacokinetics;2
Warfarin/administration & dosage;10
Depression/complications;1
Smoking/metabolism;1
Ergotism/diagnosis;1
Seizures/etiology;1
Cross-Over Studies;123
Drug Hypersensitivity/etiology;1
Dementia/prevention & control;1
Tuna;2
Medicago/chemistry;1
Analgesics, Opioid/therapeutic use;1
Dairy Products/analysis;1
Verapamil/pharmacokinetics;4
Ampicillin/pharmacokinetics;1
Cyclohexanols/therapeutic use;1
Phenytoin/therapeutic use;2
Ibuprofen/pharmacokinetics;3
Methylation/drug effects;1
Bismuth/adverse effects;1
Heptanoic Acids/blood;1
Dyspepsia/drug therapy;1
Piperazines/pharmacokinetics;1
Zingiberales;1
Hydralazine/therapeutic use;1
Ethanol/urine;1
Infant;4
Tolbutamide/pharmacokinetics;3
Anemia/epidemiology;1
Sumatriptan/adverse effects;1
Colorimetry;1
Anesthesia, Intravenous;1
Jejunostomy/instrumentation;1
Aluminum Hydroxide/urine;1
Ginkgo biloba/chemistry;1
Fishes;7
Sensitivity and Specificity;3
Psychoses, Substance-Induced/etiology;3
HIV Protease Inhibitors/therapeutic use;3
Ofloxacin/administration & dosage;2
Anaphylaxis/chemically induced;1
Discrimination Learning/drug effects;1
Anti-Obesity Agents/pharmacology;1
Acquired Immunodeficiency Syndrome/complications;1
Central Nervous System Depressants/antagonists & inhibitors;1
Mental Disorders/drug therapy;1
Chest Pain/drug therapy;1
Hemostatics/adverse effects;1
Furocoumarins/analysis;1
Chemistry, Pharmaceutical;4
Isoniazid/metabolism;1
Anxiety Disorders;1
Hypotension/etiology;1
Antacids/administration & dosage;1
Nifedipine/administration & dosage;3
Chlorpromazine/metabolism;1
Phloroglucinol/analogs & derivatives;1
Individuality;1
Cytochrome P-450 Enzyme System/metabolism;31
Prothrombin;2
Phenytoin/pharmacokinetics;8
Acenocoumarol/administration & dosage;1
Plasmodium falciparum/isolation & purification;1
Contraceptives, Oral/pharmacology;3
Drug Combinations;22
Piperazines/blood;1
Immunoassay;1
Naloxone/metabolism;1
Vitamin K Deficiency/complications;1
Acute Kidney Injury/complications;1
Cytochrome P-450 CYP3A;41
Enalapril/urine;1
Insulin/blood;1
Evoked Potentials, Visual/drug effects;1
Cephalosporins/blood;1
Fentanyl/administration & dosage;2
Aryl Hydrocarbon Hydroxylases/blood;2
Anticoagulants/metabolism;1
Theophylline/therapeutic use;1
Thromboembolism/drug therapy;1
Pyrimidines/adverse effects;1
Aluminum Hydroxide/therapeutic use;1
Chromatography, Liquid;1
Buspirone;3
Perylene/analogs & derivatives;1
Neoplasms/prevention & control;1
Cathartics/pharmacology;1
Trees;1
Diabetes Mellitus, Type 2/blood;1
Kava/therapeutic use;1
Hydrocortisone/urine;2
Methylene Chloride/chemistry;1
Fluconazole/blood;1
False Negative Reactions;2
Anticoagulants/adverse effects;13
Cyclodextrins/urine;1
Norfloxacin/pharmacology;1
Vitamin K 1/administration & dosage;1
Lithium/urine;1
Analgesics, Non-Narcotic/pharmacokinetics;5
Complementary Therapies;1
Ranitidine/pharmacology;1
Adsorption;1
Cycloserine/administration & dosage;1
Iron/metabolism;1
Phenylpropanolamine/administration & dosage;2
Cardiotonic Agents/pharmacokinetics;6
Anti-Infective Agents/blood;11
Ephedrine/pharmacology;1
Terfenadine/pharmacokinetics;8
Piroxicam/blood;1
Ofloxacin/blood;3
Dietary Sucrose/analysis;1
Blood Vessels/metabolism;1
Agoraphobia/psychology;1
Sleep/physiology;1
Vasodilator Agents/pharmacology;1
Calcium Channel Blockers/metabolism;1
Phenylpropanolamine/pharmacology;2
Caco-2 Cells/enzymology;1
Alcoholic Intoxication/diagnosis;1
Acetazolamide/pharmacology;1
Vitamin K Deficiency/blood;1
Anticonvulsants/poisoning;1
Mental Disorders/chemically induced;1
Tyramine/blood;2
Theophylline/toxicity;1
Food-Drug Interactions;99
Medical Records;1
Treatment Outcome;13
Antibiotics, Antitubercular/pharmacokinetics;1
Vasodilator Agents/metabolism;1
Anesthetics, Inhalation/adverse effects;1
Aryl Hydrocarbon Hydroxylases/biosynthesis;1
Plant Extracts/isolation & purification;2
Spinacia oleracea/chemistry;1
Norfloxacin/pharmacokinetics;1
Renal Dialysis/adverse effects;1
Radiation-Sensitizing Agents/pharmacology;2
Morphine/analysis;1
Cephalexin/metabolism;1
Midazolam;1
Cathartics/therapeutic use;1
Brain/metabolism;1
Pyridines/pharmacology;1
Single-Blind Method;3
Plant Gums;1
Heart/physiopathology;1
Poultry;2
Tranquilizing Agents/toxicity;1
Sudan;1
Hypertension/chemically induced;16
Ethanolamines/pharmacology;1
Caffeine/chemistry;1
False Positive Reactions;2
Nitroglycerin/therapeutic use;1
Toxicology;6
Piroxicam/analogs & derivatives;1
Kidney/blood supply;1
Movement Disorders/etiology;1
Calcium Radioisotopes;1
Bone Marrow Transplantation;1
Cyclosporine/administration & dosage;7
Phytotherapy;22
Analgesics, Opioid/administration & dosage;3
Anti-Arrhythmia Agents/metabolism;1
Environmental Pollutants/metabolism;1
Agaricales/chemistry;2
Biodegradation, Environmental;1
Diuretics/adverse effects;1
Prednisone/pharmacokinetics;1
Genes, MDR;1
Intermittent Claudication/chemically induced;1
Ischemia/diagnostic imaging;1
Ketoconazole/adverse effects;1
Antimalarials/administration & dosage;2
Hydrolyzable Tannins;1
Hydralazine/blood;4
Ethanol/blood;16
Clarithromycin/pharmacokinetics;1
Plant Extracts/analysis;1
Set (Psychology);1
Intestines/enzymology;1
Uremia/therapy;1
Canada;1
Polychlorinated Biphenyls/chemistry;1
Caffeine/administration & dosage;15
beta-Cyclodextrins;2
Swine Diseases/prevention & control;1
Dermatitis, Phototoxic/pathology;1
Acids/administration & dosage;1
Evaluation Studies as Topic;2
Aluminum/adverse effects;1
Polychlorinated Biphenyls/metabolism;1
Antibiotics, Antitubercular/adverse effects;1
Cyclosporine/adverse effects;1
Caffeine/pharmacology;27
Morphine/pharmacology;1
Celiprolol/blood;2
Arousal/drug effects;1
Platelet Aggregation Inhibitors/therapeutic use;2
Bacteria/drug effects;1
Consciousness/drug effects;1
Structure-Activity Relationship;2
Erythromycin/adverse effects;7
Acute Kidney Injury/therapy;1
Vitamin E/adverse effects;1
Tremor/chemically induced;2
Anti-Bacterial Agents;1
Dietary Proteins/pharmacology;8
Thiabendazole/metabolism;1
Hydroxymethylglutaryl-CoA Reductase Inhibitors/pharmacology;1
Blood Proteins/metabolism;1
Migraine Disorders/drug therapy;11
Pneumonia/metabolism;1
Omeprazole/blood;3
Anti-Infective Agents/adverse effects;1
Plantago/chemistry;1
Butter;1
Glutamates/pharmacology;1
Bicarbonates/pharmacology;3
Nortriptyline/metabolism;1
Amlodipine/pharmacokinetics;3
Antihypertensive Agents/urine;1
Papio;1
Anacardiaceae/adverse effects;1
Atorvastatin Calcium;3
Antipyrine/metabolism;1
Ephedrine/administration & dosage;2
Thinking/drug effects;1
Phenacetin/blood;1
Plant Preparations;1
Anthelmintics/administration & dosage;1
Mycobacterium tuberculosis;1
Hypnotics and Sedatives/metabolism;1
Contraceptives, Oral, Hormonal/pharmacology;2
Serotonin/metabolism;1
Sodium Bicarbonate/therapeutic use;1
Intestinal Mucosa/metabolism;1
Nimodipine/administration & dosage;1
Personality Disorders/drug therapy;1
Automobile Driving;1
Immunoblotting/statistics & numerical data;1
Aluminum Hydroxide/pharmacology;3
Terfenadine/analogs & derivatives;4
Soybean Proteins/administration & dosage;1
Ergotism/complications;2
Heparin/administration & dosage;2
Midazolam/administration & dosage;1
Minocycline/administration & dosage;1
Plant Extracts/pharmacokinetics;7
Alcoholism/drug therapy;1
Child, Preschool;3
Systole/physiology;1
Lanatosides/analysis;1
Anemia, Iron-Deficiency/drug therapy;1
Nitric Oxide/metabolism;1
Sleep Stages/drug effects;1
Triazolam/blood;3
Enoxacin/pharmacokinetics;1
Mixed Function Oxygenases/immunology;1
Self Administration;1
Dicumarol/metabolism;1
Immunosuppressive Agents/pharmacokinetics;12
Peripheral Nervous System Diseases/diagnosis;1
Migraine Disorders/prevention & control;1
Electrocardiography;3
Tolbutamide/administration & dosage;1
Azabicyclo Compounds;1
Naproxen/administration & dosage;3
Imidazoles/metabolism;1
Demeclocycline/pharmacology;1
Anemia/etiology;1
Hypotension, Orthostatic/metabolism;1
Vasodilator Agents/therapeutic use;1
Morphine/metabolism;1
Diazepam/antagonists & inhibitors;7
Atovaquone;4
Saquinavir/blood;1
Milk Hypersensitivity/etiology;1
Sodium Bicarbonate/administration & dosage;1
Drugs, Chinese Herbal/adverse effects;5
Estramustine/therapeutic use;1
Hydralazine/metabolism;2
Disulfiram/chemistry;1
Anti-Arrhythmia Agents/pharmacology;1
Cytochrome P-450 Enzyme System;1
Regression Analysis;3
Bipolar Disorder/blood;1
Quercetin/administration & dosage;1
Fluoxetine/pharmacology;1
Enteral Nutrition/methods;3
Coumarins/adverse effects;1
Omeprazole/pharmacokinetics;2
Androgen Antagonists/pharmacology;1
Carrier Proteins/metabolism;2
Epilepsy, Tonic-Clonic/metabolism;1
Ammonium Chloride/pharmacology;1
Diabetes Complications;1
Captopril/urine;2
Hypolipidemic Agents/blood;1
Chlordiazepoxide/administration & dosage;1
Anti-Inflammatory Agents, Non-Steroidal/adverse effects;2
Food Additives/poisoning;1
Homeostasis;1
Citrates/pharmacokinetics;2
Pivampicillin/metabolism;1
Case-Control Studies;1
Photosensitizing Agents/adverse effects;1
Dietary Supplements/analysis;2
Cerebral Hemorrhage/etiology;1
Ergotism/etiology;14
Cyclodextrins/blood;1
Placebos;9
Organic Anion Transporters/antagonists & inhibitors;1
Pain/drug therapy;1
Sesquiterpenes/therapeutic use;1
Vitamin K/metabolism;5
Severity of Illness Index;1
Learning/drug effects;1
Theophylline/pharmacokinetics;13
Serotonin Uptake Inhibitors/adverse effects;5
Breath Tests;3
Substance-Related Disorders/rehabilitation;1
Phenacetin/metabolism;1
Food Preservation;1
Ampicillin/administration & dosage;1
Microdialysis;1
Uric Acid/analogs & derivatives;1
Digoxin/blood;11
Clozapine/adverse effects;3
Ephedrine/adverse effects;4
Infusions, Intravenous;14
Fluorescent Dyes;1
Aluminum/poisoning;2
Liver/analysis;1
Parenteral Nutrition/adverse effects;3
Attention/drug effects;1
Middle Aged;179
Hypertension/complications;1
Cyclic AMP/blood;1
Epistaxis/etiology;1
Indoles/pharmacokinetics;1
Blood;2
Calcium Channel Blockers/blood;6
Coumarins/antagonists & inhibitors;1
Schizophrenia/blood;3
Drug Interactions;184
Time Factors;68
Enalapril;1
Matricaria/adverse effects;1
Magnoliopsida/chemistry;1
Cytochrome P-450 CYP2E1/metabolism;1
Disulfiram/isolation & purification;1
Solutions/adverse effects;1
Simvastatin/administration & dosage;1
Solvents;1
Tranylcypromine;2
Xanthine Oxidase/metabolism;2
Pravastatin/blood;1
Hyperlipoproteinemia Type II/drug therapy;2
Anti-Inflammatory Agents/adverse effects;1
Coronary Angiography;1
Adrenergic beta-Antagonists/blood;5
Vasoconstrictor Agents/pharmacology;2
Cimicifuga/metabolism;1
Antifungal Agents/adverse effects;4
Omeprazole/urine;1
Menthol/pharmacology;1
HIV Infections/enzymology;1
Aluminum/toxicity;2
Rhinitis, Atrophic/prevention & control;1
Rats, Wistar;5
Seizures/chemically induced;1
Milk Thistle/chemistry;1
Omeprazole/analogs & derivatives;3
Coprinus;3
Erythrocytes, Abnormal;1
Antihypertensive Agents/blood;1
Smoking/blood;1
ATP-Binding Cassette, Sub-Family B, Member 1/metabolism;6
HIV-1/drug effects;1
Activities of Daily Living;1
Cytochrome P-450 Enzyme System/biosynthesis;3
Mitral Valve Insufficiency/surgery;1
Sulfonamides/therapeutic use;1
Erythromycin/analogs & derivatives;4
Oxazoles/blood;1
Mass Spectrometry;4
Gastric Acidity Determination;3
Photosensitivity Disorders/etiology;1
Dietary Fiber;3
Digoxin/pharmacokinetics;14
Ethacrynic Acid/pharmacology;1
Angiotensin I/antagonists & inhibitors;1
Coronary Artery Disease/blood;1
Platelet Aggregation Inhibitors/pharmacology;1
Histamine H1 Antagonists/blood;2
Acetaminophen/chemistry;1
Phenytoin/metabolism;6
Sumatriptan/administration & dosage;1
Amoxicillin/urine;2
Mixed Function Oxygenases/genetics;2
Nitriles/metabolism;1
Tetracycline/blood;1
Monoamine Oxidase Inhibitors;3
Ouabain/metabolism;1
Oxytetracycline/metabolism;1
Randomized Controlled Trials as Topic;1
Milk/metabolism;1
Cross Reactions;1
Myocardial Infarction/etiology;1
Brassica;1
Organic Anion Transporters/genetics;1
Diet Fads/adverse effects;1
Heart/drug effects;1
Sex Factors;4
Hematoma, Subdural/pathology;1
Fleroxacin/pharmacology;1
Serotonin Uptake Inhibitors/therapeutic use;1
Benzodiazepines/pharmacokinetics;2
Nisoldipine/adverse effects;1
Bromobenzenes/therapeutic use;1
Milk/physiology;1
Rupture, Spontaneous;1
Cloxacillin/adverse effects;1
Verapamil/blood;2
Up-Regulation;1
Administration, Sublingual;1
Anti-HIV Agents/pharmacokinetics;1
Caco-2 Cells/drug effects;1
Propranolol/blood;2
Alcohol Drinking/urine;1
Fat Emulsions, Intravenous/administration & dosage;1
Basidiomycota;1
Cyclosporins/administration & dosage;1
Kidney Transplantation/immunology;2
Estradiol/blood;1
Catalepsy/chemically induced;1
Anti-Anxiety Agents/adverse effects;1
Theophylline/blood;11
Adrenergic beta-Antagonists/administration & dosage;1
Cholestyramine Resin/therapeutic use;1
Acebutolol/analogs & derivatives;1
Ginger/metabolism;1
Kidney/physiology;1
Flavonoids/administration & dosage;1
Cytochrome P-450 CYP1A2/genetics;1
Maternal-Fetal Exchange;1
Immunosuppressive Agents/blood;9
Surgical Procedures, Operative;1
Genotype;4
Methoxsalen/urine;1
Rats, Sprague-Dawley;6
Quinine;1
Cardiac Glycosides/therapeutic use;1
Digoxin/metabolism;5
Brain Injuries/drug therapy;1
Acetaldehyde/urine;1
Headache/drug therapy;2
Quinine/blood;1
Prostatic Neoplasms/drug therapy;1
Ethinyl Estradiol/administration & dosage;2
Clozapine/blood;4
Serotonin Receptor Agonists/therapeutic use;1
Tablets, Enteric-Coated;1
Paroxetine/adverse effects;1
Gastrointestinal Tract/pharmacology;1
Tromethamine/analogs & derivatives;1
Food Hypersensitivity/etiology;1
Polyethylene Glycols/pharmacology;1
Breast Feeding;1
Ergotamines/adverse effects;2
Panax/analysis;1
Pyrimidines/therapeutic use;1
Nebraska;1
Acetaminophen/administration & dosage;6
Oxazines/metabolism;1
Carbohydrates/pharmacology;1
Hemostatics/therapeutic use;1
Theophylline/adverse effects;2
Desvenlafaxine Succinate;1
Folklore;1
Magnoliopsida/adverse effects;1
Kava/chemistry;2
Eating;21
Anti-Anxiety Agents/administration & dosage;1
Glutamine/chemical synthesis;1
Citrates/adverse effects;2
Drug Therapy;2
Enoxacin;3
Buspirone/blood;1
Food/statistics & numerical data;1
Liver/enzymology;8
Foodborne Diseases/drug therapy;1
Thiazoles/blood;1
Mice, Inbred ICR;1
Heart Diseases/chemically induced;1
Bendroflumethiazide/therapeutic use;1
Serotonin Syndrome/psychology;2
HIV Infections/blood;1
Behavior/drug effects;1
Caffeine/metabolism;13
Quinolones/pharmacology;1
Creatine Kinase/blood;1
Methylation;1
Blood Vessels/physiology;1
Cephalosporins/metabolism;1
Ketoconazole/metabolism;2
Trifluoperazine/therapeutic use;1
Psyllium/therapeutic use;1
Clofazimine/pharmacology;1
Antihypertensive Agents/metabolism;1
Purines;1
Enzyme Inhibitors/adverse effects;1
Ibuprofen/adverse effects;1
Iran;1
Ketoprofen/pharmacokinetics;3
Methysergide/adverse effects;2
Cyclosporine/pharmacology;2
Child;11
Binding Sites;1
Gram-Negative Bacterial Infections/drug therapy;1
Aortic Valve;1
Ibuprofen/administration & dosage;3
Metoclopramide/pharmacology;1
Metabolic Clearance Rate/drug effects;8
Body Weight/physiology;1
Drug Administration Routes;1
Clozapine/administration & dosage;2
Rifampin/pharmacology;3
Ketoconazole/therapeutic use;1
Peritonitis/metabolism;1
Amitriptyline/metabolism;1
Diuretics/therapeutic use;1
Antinematodal Agents/pharmacology;1
Hydroxytryptophol/urine;1
Felodipine/analogs & derivatives;7
Heart Transplantation;3
Metrorrhagia/etiology;1
Antidiarrheals/blood;1
Biometry;1
Imidazoles/blood;1
Cations, Divalent;1
Ketoprofen/pharmacology;1
Perfusion;2
Fatty Acids, Essential/administration & dosage;1
Hematologic Diseases/drug therapy;1
Mice;4
Cyclohexanols/blood;1
Quinolones/blood;1
Cholestyramine Resin/pharmacology;1
Levonorgestrel/pharmacology;1
Osteoarthritis/drug therapy;1
Chromatography, Liquid/methods;1
Biotransformation/drug effects;1
Coffee/adverse effects;4
Pyrazoles/administration & dosage;1
Quinolines/pharmacokinetics;2
Spinacia oleracea;2
Theophylline/administration & dosage;13
Obesity/metabolism;1
Indoles/administration & dosage;1
Medicine, East Asian Traditional;1
Reaction Time/drug effects;8
Dietary Fats;2
Catecholamines/blood;1
Adenosine/antagonists & inhibitors;1
Bacteriological Techniques;1
Propofol;1
Enteral Nutrition/instrumentation;1
Lactones/adverse effects;1
Ephedrine/therapeutic use;1
Sri Lanka;1
Aluminum Hydroxide/adverse effects;3
Anti-Allergic Agents/pharmacokinetics;2
Antidiarrheals/pharmacology;1
Gingival Hemorrhage/etiology;1
Electrocardiography/drug effects;5
Vitamins;2
Triazolam/pharmacology;1
Clozapine/therapeutic use;2
Homozygote;1
Aluminum Hydroxide/pharmacokinetics;2
Menstruation/drug effects;1
Cytochrome P-450 CYP2C19;4
Dyspepsia/chemically induced;1
Lithium/blood;1
Sodium Bicarbonate/chemistry;1
Midazolam/pharmacology;2
Renal Dialysis;1
Sesquiterpenes/pharmacokinetics;2
Physical Endurance/drug effects;1
Dyskinesia, Drug-Induced/therapy;1
Prospective Studies;11
Terfenadine/adverse effects;1
Food Contamination;1
Fibrinolytic Agents/therapeutic use;1
Reaction Time;1
Lasalocid/pharmacology;1
Bone and Bones/physiology;1
Aryl Hydrocarbon Hydroxylases/metabolism;9
Contraceptives, Oral/pharmacokinetics;1
Plants, Edible;1
Naproxen/blood;1
Melatonin/pharmacokinetics;1
Triazolam/metabolism;1
Platelet Aggregation Inhibitors/adverse effects;1
Aged, 80 and over;15
Estradiol Congeners/administration & dosage;1
Intestine, Small/metabolism;1
Sports;1
Rhabdomyolysis/chemically induced;1
Acute Disease;5
Probiotics/therapeutic use;1
Sleep Deprivation/therapy;1
Clinical Nursing Research;1
Prothrombin/analysis;1
Enzyme Induction;1
Arrhythmias, Cardiac/etiology;1
Patients;1
Benzophenones/pharmacology;1
Clozapine/analogs & derivatives;1
Vasoconstrictor Agents/adverse effects;3
Dietary Fats/pharmacokinetics;2
Subarachnoid Hemorrhage/chemically induced;2
Ginkgo biloba/adverse effects;4
Pharmaceutical Preparations;1
Ethanol/metabolism;5
Aminophylline/metabolism;1
Plants, Medicinal/therapeutic use;1
Glycyrrhetinic Acid/analogs & derivatives;2
Hydrastis;1
Estrogen Replacement Therapy;1
HIV-1;1
Quinolines;1
Respiratory Distress Syndrome, Adult/complications;1
Postural Balance/drug effects;3
Thrombosis/etiology;1
Angiography;2
Pravastatin/pharmacokinetics;3
Quinine/pharmacology;1
Meat;3
Quinolines/blood;1
Antipsychotic Agents;2
Pyrimidines/metabolism;1
Oxytetracycline/pharmacology;1
Memory/physiology;1
Fluconazole/pharmacokinetics;1
Erythromycin/blood;1
Cytochrome P-450 CYP1A2;4
Dosage Forms;1
Eleutherococcus/immunology;1
Beverages/analysis;5
Hematoma, Subdural/chemically induced;1
Cyclic AMP/metabolism;1
Databases, Factual;1
Analgesics, Non-Narcotic/administration & dosage;3
Nicardipine/blood;1
Norpregnenes/administration & dosage;1
Sincalide/pharmacology;1
Diabetes Mellitus/therapy;1
Steroid Hydroxylases/drug effects;1
Fruit;7
Flunitrazepam/blood;1
Vasodilator Agents/pharmacokinetics;1
Omeprazole/metabolism;3
Xanthines/urine;1
Intestinal Mucosa/drug effects;2
Alprazolam/pharmacokinetics;4
Magnesium Hydroxide/pharmacology;1
Liver/pathology;1
Antacids/pharmacology;9
Tea;5
Hand/blood supply;1
Asian Continental Ancestry Group;3
Vitamin K/physiology;1
Antifungal Agents/blood;7
Fasting/blood;3
Ketoconazole/blood;1
Tuberculosis, Lymph Node/drug therapy;1
Patient Compliance;1
ATP Binding Cassette Transporter, Sub-Family B/metabolism;1
Artemisinins/pharmacology;1
Analgesia/methods;1
Serum Albumin/analysis;1
Antidepressive Agents, Second-Generation/adverse effects;2
Neoplasms/surgery;1
Follow-Up Studies;3
Fasting/physiology;4
Angiotensin-Converting Enzyme Inhibitors/pharmacokinetics;3
Pancreatitis/etiology;1
Hemostatics/administration & dosage;3
Anticoagulants/blood;4
Simvastatin/blood;2
Brain/drug effects;1
Blood Glucose/analysis;2
Short Bowel Syndrome/therapy;1
Nitrogen Mustard Compounds/pharmacokinetics;1
Linoleic Acids;1
Fatal Outcome;4
Oxygen Consumption/drug effects;1
Anxiety;1
Milk;15
Ephedra sinica;1
Anti-Inflammatory Agents, Non-Steroidal;1
Autonomic Nervous System Diseases/complications;1
Muscarine/poisoning;1
Risk Factors;3
Drug Tolerance;6
Solubility;4
Isometric Contraction/drug effects;1
HIV Protease Inhibitors/pharmacology;1
Alcoholic Intoxication/psychology;1
Cyclic AMP/physiology;1
Organic Anion Transporters, Sodium-Independent/biosynthesis;1
Coronary Disease/physiopathology;1
Clarithromycin/administration & dosage;1
Metronidazole/administration & dosage;1
Mushroom Poisoning/complications;1
Fentanyl/blood;2
Furocoumarins/adverse effects;1
Methadone/pharmacokinetics;1
Nephrotic Syndrome/complications;1
Hydroxyindoleacetic Acid/urine;1
Monoamine Oxidase Inhibitors/therapeutic use;8
Erythrocyte Count;1
Automobile Driving/psychology;1
Stomach/drug effects;1
Vegetables/analysis;2
Thiazoles/pharmacokinetics;1
Pyridines/blood;1
Ischemia/diagnosis;1
Adrenal Cortex Hormones/therapeutic use;1
Central Nervous System Stimulants/metabolism;3
Antidepressive Agents;1
Muscle Relaxants, Central/pharmacology;1
Beer;2
Hydrocortisone/analogs & derivatives;1
Agoraphobia/drug therapy;1
Spectrometry, Mass, Electrospray Ionization;1
Estramustine/pharmacokinetics;1
Furosemide/pharmacology;1
Piperazines/metabolism;1
Midazolam/pharmacokinetics;4
Lovastatin/administration & dosage;1
Moclobemide/administration & dosage;1
Diastole/drug effects;1
Acne Vulgaris/drug therapy;1
Depressive Disorder/drug therapy;8
Breast Neoplasms/drug therapy;1
Aza Compounds/administration & dosage;1
Phenytoin/administration & dosage;9
Cardiovascular Diseases/etiology;1
Phenanthrolines/adverse effects;2
Sarcoidosis, Pulmonary/complications;1
Vaginal Diseases/chemically induced;1
Sulfonamides/administration & dosage;1
Zea mays;1
Kidney Failure, Chronic/etiology;1
Liver/blood supply;1
Drug Stability;3
Erythromycin/pharmacology;2
Reinforcement (Psychology);1
Vitamin K 1/pharmacokinetics;2
Drug Combinations/metabolism;1
New Caledonia/ethnology;1
Cytochrome P-450 CYP1A2/physiology;2
Gangrene/chemically induced;1
Pilot Projects;4
Ferrous Compounds/pharmacology;2
Hemorrhagic Disorders/etiology;1
Aryl Hydrocarbon Hydroxylases/drug effects;1
Citrus paradisi/chemistry;1
Drugs, Chinese Herbal/pharmacokinetics;3
Systole/drug effects;2
Pindolol/metabolism;1
Warfarin/blood;6
Antimalarials/adverse effects;1
Arylamine N-Acetyltransferase/metabolism;1
Naphthoquinones/blood;2
Antidepressive Agents/blood;1
Bendroflumethiazide/pharmacology;1
Ergotamine/administration & dosage;4
Critical Illness;3
Iron/pharmacology;2
Alcoholic Beverages/adverse effects;2
Carcinogens/pharmacokinetics;1
Benzophenones/administration & dosage;1
Enzyme Inhibitors/pharmacology;11
Diabetes Mellitus/drug therapy;1
Herb-Drug Interactions/physiology;1
Organic Anion Transporters/biosynthesis;1
Antidepressive Agents/administration & dosage;3
Brazil;1
Caffeine/antagonists & inhibitors;1
Cytochrome P-450 Enzyme System/analysis;1
Indinavir/administration & dosage;1
Dietary Sucrose;1
Flurbiprofen/pharmacokinetics;2
Cycloserine/adverse effects;1
Citrates/pharmacology;3
Postoperative Complications;1
Gene Expression Regulation/drug effects;1
Saquinavir/adverse effects;1
Dietary Fiber/adverse effects;2
Antioxidants/pharmacology;4
Hydroxylation;1
Cerebral Hemorrhage;1
Dietary Carbohydrates/pharmacology;9
Rosuvastatin Calcium;1
Monoamine Oxidase Inhibitors/blood;1
Aminosalicylic Acid/pharmacology;2
Plant Roots/chemistry;2
Punicaceae/adverse effects;1
Fatigue/chemically induced;2
NADP/metabolism;1
Adolescent;46
Oxazolidinones/administration & dosage;3
Smoking;1
Cohort Studies;3
Vitamin K/analogs & derivatives;1
Morphine/antagonists & inhibitors;1
Viscosity;1
Flavonoids/pharmacokinetics;2
Diltiazem/blood;2
Pancreas Transplantation;1
Oxidoreductases, N-Demethylating/antagonists & inhibitors;1
Seaweed/chemistry;1
Ethanol/adverse effects;5
Cheese;6
Dietary Supplements/adverse effects;7
Acetamides/blood;2
Food Microbiology;2
Liver/drug effects;8
Capsules;7
Ultrafiltration;2
Atenolol/urine;1
Microsomes, Liver/metabolism;6
Soybeans/analysis;1
Epinephrine/blood;1
Muscle Contraction/drug effects;1
Cues;1
Oxazines/urine;1
Premenopause;1
Antidepressive Agents, Second-Generation/pharmacokinetics;2
Abscess/therapy;1
Gastric Acid/physiology;1
Pyrroles/blood;1
HIV Protease Inhibitors/administration & dosage;1
Spectrophotometry, Ultraviolet;4
Hallux Valgus/surgery;1
Hemostatics/pharmacokinetics;1
Cognition/drug effects;3
Diuretics/metabolism;1
Psychological Tests;1
Hypnotics and Sedatives/therapeutic use;1
Labetalol/administration & dosage;2
Alcohol Drinking/psychology;1
Antifibrinolytic Agents/analysis;1
Plants, Medicinal/adverse effects;3
Monoamine Oxidase Inhibitors/administration & dosage;4
Cytochrome P-450 Enzyme System/genetics;1
Yeast, Dried/therapeutic use;1
Eggs/adverse effects;1
Osmolar Concentration;2
Statistics, Nonparametric;5
Coronary Disease/diagnostic imaging;2
Diltiazem/analogs & derivatives;1
Infant, Newborn;1
Pain, Postoperative/drug therapy;1
Sulfones;2
Anticoagulants/pharmacokinetics;5
Proguanil/administration & dosage;1
Cholesterol, LDL/blood;1
Lovastatin/pharmacology;1
Hyphema/chemically induced;1
Administration, Oral;101
Antihypertensive Agents/administration & dosage;1
Postoperative Period;1
Amlodipine/administration & dosage;1
Mixed Function Oxygenases/pharmacology;1
Sex Characteristics;1
Mixed Function Oxygenases/drug effects;2
Flunitrazepam/administration & dosage;1
Analgesics, Opioid/analysis;1
Captopril/therapeutic use;3
Preoperative Care;1
Ginkgo biloba/therapeutic use;1
Phytotherapy/adverse effects;9
Itraconazole/blood;5
HeLa Cells;1
Anti-Inflammatory Agents, Non-Steroidal/chemistry;1
Gastric Acid;1
Analgesics, Opioid/pharmacology;1
MEDLINE;1
Intestines/metabolism;4
Injections, Intravenous;15
United States;5
Sodium Glutamate/pharmacology;2
PUVA Therapy/adverse effects;1
Epilepsy/metabolism;1
Troleandomycin/pharmacology;1
HIV Seropositivity/metabolism;1
Cyclodextrins;1
Cocaine/analogs & derivatives;1
Vitamin K/blood;4
HIV Infections/drug therapy;8
Dose-Response Relationship, Drug;35
Body Temperature/drug effects;1
Hypnotics and Sedatives/blood;2
Fluconazole/pharmacology;1
Absorption;22
Midazolam/metabolism;1
Acetaminophen/poisoning;1
Intestinal Mucosa/enzymology;1
Nigeria;1
Pyrimidines/pharmacokinetics;1
Propanolamines/pharmacokinetics;2
Soybeans/chemistry;1
Hemoglobins/analysis;1
Vegetables/adverse effects;1
Anticoagulants/antagonists & inhibitors;1
Lactates/blood;1
Serotonin Uptake Inhibitors/pharmacokinetics;1
Plant Extracts;2
Consumer Product Safety;1
Antineoplastic Agents;1
Spectrometry, Fluorescence;1
Bipolar Disorder/drug therapy;3
Enterocytes/drug effects;1
Dietary Fats/pharmacology;9
Sesquiterpenes/metabolism;1
Meat/analysis;1
Analgesia;1
Drug Labeling;1
Autonomic Nervous System Diseases/diagnosis;1
Leg/innervation;1
Food Analysis/statistics & numerical data;1
ATP-Binding Cassette, Sub-Family B, Member 1/physiology;1
Phenprocoumon/therapeutic use;1
Hypoglycemia/blood;1
Oxazoles/pharmacology;1
Sodium/deficiency;1
GABA Modulators/pharmacokinetics;1
Seafood;1
Apocynaceae/chemistry;1
Gastrostomy/adverse effects;1
Ethinyl Estradiol/pharmacokinetics;2
Enoxacin/pharmacology;2
Hypericum/adverse effects;16
Celiprolol/administration & dosage;1
Substance Withdrawal Syndrome/metabolism;1
Acetaminophen/adverse effects;5
Pyrroles/pharmacokinetics;2
4-Quinolones;4
Logistic Models;2
Dihydroergotamine/blood;2
Praziquantel/blood;1
Hypercholesterolemia/drug therapy;2
Food, Formulated;10
Alcohol Drinking/blood;1
Glycyrrhetinic Acid/pharmacology;2
Phenotype;4
Sample Size;1
Diabetes Mellitus, Type 2/drug therapy;2
Mannans/pharmacology;1
Tetracyclines;1
Bipolar Disorder/chemically induced;2
Naphthoquinones;1
Cerebral Hemorrhage/drug therapy;1
Tea/chemistry;2
Warfarin/pharmacokinetics;6
Malus;1
Polychlorinated Biphenyls/poisoning;1
Microsomes, Liver/enzymology;4
Calcium;1
Anticoagulants/pharmacology;13
Cilazapril;1
Yogurt;2
Kidney Diseases/metabolism;2
Social Environment;1
Vitamin K 1/analysis;2
Anti-Anxiety Agents/pharmacokinetics;5
RNA, Messenger/biosynthesis;1
Anesthesia, Epidural;1
Penicillin V/metabolism;1
Graft Rejection/chemically induced;1
Praziquantel/administration & dosage;1
Indinavir/blood;2
Crohn Disease/complications;1
Platelet Aggregation/drug effects;3
Safety;2
Anti-Infective Agents/metabolism;1
Antihypertensive Agents/pharmacokinetics;3
Blood Pressure/physiology;1
Antitubercular Agents/adverse effects;3
Aspirin/therapeutic use;1
Amino Acids/administration & dosage;1
Analgesics/pharmacology;2
Calibration;2
Moclobemide;7
Nifedipine/metabolism;1
Food, Fortified;4
Heparin, Low-Molecular-Weight;1
Animals;60
Warfarin/adverse effects;14
Verapamil/pharmacology;2
Dietary Fats/metabolism;1
Enzyme Inhibitors/analysis;1
Prostaglandins E/pharmacology;1
Peptidyl-Dipeptidase A/blood;1
Mexico;1
Antidepressive Agents, Second-Generation/pharmacology;1
Enterotoxins/isolation & purification;1
Pectins/adverse effects;1
Kaolin/metabolism;1
2-Hydroxypropyl-beta-cyclodextrin;2
AIDS-Related Opportunistic Infections/metabolism;1
Quinidine/pharmacology;1
Propranolol/metabolism;2
Male;468
Diabetes Mellitus/diet therapy;2
Appetitive Behavior/drug effects;1
Jejunum/physiology;1
Swine;2
Injections, Subcutaneous;3
Anemia/blood;1
Felodipine/blood;4
Alcoholic Intoxication/drug therapy;1
Pargyline/adverse effects;1
Penicillins/administration & dosage;1
Naphthyridines/administration & dosage;2
Catecholamines/urine;1
Dipyridamole/pharmacology;1
Patient Education as Topic;3
Disease Models, Animal;1
Vitamin K Deficiency/metabolism;1
Oxazolidinones/pharmacokinetics;3
Myocardial Infarction/chemically induced;1
Proguanil/adverse effects;1
Forecasting;1
Vitamin K 1/adverse effects;1
Digitoxin/blood;1
Dicumarol/blood;1
Kidney Failure, Chronic/therapy;4
APACHE;1
Organic Anion Transporters, Sodium-Dependent;1
Clinical Trials, Phase I as Topic;1
Dietary Fiber/metabolism;2
Blood Coagulation Disorders/blood;2
Felodipine/metabolism;3
Beverages/adverse effects;9
Postoperative Hemorrhage/chemically induced;1
Ethanolamines/administration & dosage;1
Dietary Fiber/pharmacology;4
Nephrotic Syndrome/therapy;1
Sulfamethazine/administration & dosage;1
Aorta, Thoracic/metabolism;1
Chemical and Drug Induced Liver Injury/etiology;1
Valerian/therapeutic use;1
Phenprocoumon/pharmacology;1
Oximes/pharmacology;1
Acids/blood;1
Female;361
Staphylococcal Food Poisoning/prevention & control;1
Pain/physiopathology;1
Aza Compounds/pharmacokinetics;1
Anti-Asthmatic Agents/pharmacokinetics;2
Microsomes, Liver/drug effects;4
Automation;1
Phenethylamines/adverse effects;1
Hydroxymethylglutaryl-CoA Reductase Inhibitors/administration & dosage;2
Digoxin/pharmacology;1
Amoxicillin/metabolism;5
Nimodipine/blood;1
Ergotism/drug therapy;1
Lower Extremity/blood supply;1
Drug Overdose/complications;1
Herbal Medicine;2
Natriuresis/drug effects;1
Hypoprothrombinemias/chemically induced;2
Monoamine Oxidase Inhibitors/antagonists & inhibitors;1
Membrane Transport Proteins;1
Heterozygote;1
Pyrazoles/metabolism;1
Antibiotics, Antitubercular/administration & dosage;1
Theophylline/metabolism;7
Nevirapine/blood;1
Dietary Fats/administration & dosage;6
Ciprofloxacin/pharmacokinetics;15
Quinidine/blood;1
Rifampin/pharmacokinetics;1
Anesthesia, Spinal;1
Blood Coagulation Disorders/drug therapy;3
Cytochrome P-450 CYP2D6/metabolism;4
Ritonavir/therapeutic use;2
Antifungal Agents/pharmacology;2
Glycyrrhiza;1
Pyridazines/pharmacology;1
Moclobemide/blood;1
Ethanol/antagonists & inhibitors;3
Oxazepam/metabolism;1
Theobromine/toxicity;1
Antihypertensive Agents/adverse effects;1
Benzodiazepines/antagonists & inhibitors;1
Antipyrine/blood;2
Drugs, Chinese Herbal;1
Risk Assessment;2
Adverse Drug Reaction Reporting Systems;2
Dipyridamole;1
Warfarin/urine;1
Water/chemistry;1
Platelet Aggregation Inhibitors/blood;1
Miocamycin/pharmacology;1
Amoxicillin-Potassium Clavulanate Combination;2
Lysine/pharmacokinetics;1
Ketoprofen/administration & dosage;2
Malaria, Falciparum/drug therapy;1
Gallic Acid;1
Prednisolone/pharmacokinetics;3
Fluoxetine/therapeutic use;2
Observation;1
Naphthyridines/pharmacology;2
Analgesics/adverse effects;1
Acetamides/pharmacology;2
Kava/metabolism;1
Creatinine/urine;1
Digitalis;1
Echinacea/chemistry;1
Anti-Bacterial Agents/blood;3
Gallbladder/anatomy & histology;1
Ketoconazole/pharmacokinetics;3
Antidepressive Agents/chemistry;1
Amiodarone/pharmacokinetics;1
Anticholesteremic Agents/adverse effects;1
Netherlands;1
Heart Block/chemically induced;1
Venous Thrombosis/drug therapy;1
Tartrates;1
Cyclopropanes/isolation & purification;1
Psychotic Disorders/drug therapy;1
Fibrinolytic Agents/adverse effects;1
Felodipine/administration & dosage;2
Mastitis/drug therapy;1
Ethanolamines/metabolism;1
Hypertension;3
Fasting;28
Cerebral Hemorrhage/chemically induced;3
Flavonoids/urine;1
Sulfides/pharmacology;1
Cytochrome P-450 Enzyme System/drug effects;4
Moclobemide/pharmacology;2
Acenocoumarol/therapeutic use;1
Calcium/pharmacokinetics;2
Dietary Carbohydrates/administration & dosage;1
Fabaceae;1
Antiemetics/pharmacology;1
Aryl Hydrocarbon Hydroxylases/pharmacology;1
Felodipine/pharmacology;3
Hypnotics and Sedatives/pharmacokinetics;5
Naphthoquinones/adverse effects;2
Central Nervous System Depressants/pharmacology;2
Erythromycin/therapeutic use;2
Emulsions;3
Organic Anion Transporters, Sodium-Independent/genetics;1
Metabolic Clearance Rate;13
Clavulanic Acids/blood;1
Anxiety/chemically induced;1
Hydrastis/chemistry;1
Anticoagulants/administration & dosage;6
Flurazepam/pharmacology;1
Heparin/adverse effects;2
Cycloserine/pharmacokinetics;1
Hypercalcemia/complications;3
Voriconazole;1
Warfarin/pharmacology;20
Phobic Disorders/drug therapy;1
Rhabdomyolysis/enzymology;1
Dietary Sucrose/pharmacology;1
Magnetic Resonance Spectroscopy;1
Vitamin K/analysis;6
Cloxacillin/pharmacokinetics;1
Neural Conduction;1
Intestines/drug effects;2
Affect/drug effects;4
Nutrition Disorders/metabolism;1
Benzodiazepines;3
Pyridines/adverse effects;1
Atenolol/blood;2
Anesthesia, General/adverse effects;1
Oxazolidinones;1
Antiviral Agents/pharmacology;2
Phenelzine/adverse effects;5
Hypoglycemic Agents/therapeutic use;2
Antitussive Agents/metabolism;1
Serotonin/adverse effects;1
Alcohol Drinking/genetics;1
Infant Nutritional Physiological Phenomena;1
Calcium Channel Blockers/pharmacokinetics;13
Papaver/chemistry;1
Nifedipine/pharmacokinetics;4
Hong Kong;1
Naproxen/therapeutic use;1
Immunoassay/methods;1
Metals;1
Dihydroergotamine/metabolism;1
Itraconazole/administration & dosage;3
Uracil/analogs & derivatives;1
Antipsychotic Agents/adverse effects;3
Pharmaceutical Solutions;2
Posture;1
Itraconazole/analogs & derivatives;2
Plant Extracts/immunology;1
Sodium Glutamate/adverse effects;1
Dihydroergotamine/therapeutic use;1
Orthopedic Procedures;1
Analgesics, Non-Narcotic/chemistry;1
Preoperative Care/methods;1
Antipsychotic Agents/administration & dosage;1
Anticholesteremic Agents/administration & dosage;1
Depression/etiology;1
Oxazolidinones/pharmacology;2
Simvastatin/metabolism;1
Enterocytes/enzymology;1
Terpenes/analysis;1
Depressive Disorder, Major/drug therapy;1
Tandem Mass Spectrometry/methods;1
Hospitalization;1
Immunoblotting/methods;1
Felodipine/therapeutic use;1
Ritonavir/pharmacokinetics;1
Hydralazine/pharmacokinetics;2
Nitric Oxide/physiology;1
Cytochrome P-450 Enzyme System/physiology;5
Terfenadine/antagonists & inhibitors;1
Central Nervous System Stimulants/urine;1
Methylprednisolone/blood;1
Prostatectomy;1
Aged;89
Saliva/analysis;1
Vitamin K 1/blood;1
Ibuprofen/analogs & derivatives;1
Amiodarone/analogs & derivatives;1
Dietary Supplements;10
Longitudinal Studies;1
Pyridazines/blood;1
Muscle Relaxation/drug effects;2
Methoxsalen/blood;1
Contraceptives, Oral/administration & dosage;1
Hematocrit;1
Hypotension, Orthostatic/drug therapy;1
Depression/therapy;1
Nonprescription Drugs;1
Anti-Inflammatory Agents/blood;2
Depression/drug therapy;5
Rifampin/metabolism;1
Plant Extracts/therapeutic use;7
HIV Infections/therapy;1
Drug Therapy/veterinary;1
Itraconazole/pharmacology;2
Simvastatin/adverse effects;1
Clarithromycin/pharmacology;1
Caffeine/therapeutic use;3
Ethnic Groups;1
Methyl Ethers/adverse effects;1
Theophylline/pharmacology;4
Jejunostomy/methods;1
Calcium Channel Blockers/adverse effects;5
Uric Acid/metabolism;1
Amphotericin B/adverse effects;2
Oxidoreductases, N-Demethylating/biosynthesis;1
Alcoholic Intoxication/blood;1
Ischemia/chemically induced;5
Foodborne Diseases/diagnosis;1
Drug Industry;1
Serotonin Syndrome/chemically induced;3
Naproxen/pharmacology;1
Vegetables/chemistry;1
Foodborne Diseases;1
Heart/diagnostic imaging;3
Diet, Reducing/adverse effects;1
Chemical Fractionation;1
Oxazolidinones/blood;2
Analgesics, Non-Narcotic/adverse effects;4
Cyclohexanecarboxylic Acids;2
Cellulose/pharmacology;1
Echinacea;1
Acebutolol/urine;1
Trigonella;1
Ketoprofen/analogs & derivatives;1
Headache;2
Temperature;1
Antacids/metabolism;3
Anesthetics, Intravenous;1
Renin-Angiotensin System/drug effects;1
Receptors, Dopamine/drug effects;1
Steroid 16-alpha-Hydroxylase;2
Antimalarials/urine;2
Antimalarials/pharmacology;1
Plant Preparations/pharmacology;6
Celiprolol/antagonists & inhibitors;1
Bicarbonates/blood;1
Panax/adverse effects;2
Postprandial Period;4
Blood Coagulation;2
Ergotamine;1
Gastrointestinal Hemorrhage/chemically induced;1
Kidney Transplantation/physiology;3
Fluorobenzenes/therapeutic use;1
Dairy Products;2
Acetaminophen/pharmacology;2
Amoxicillin/adverse effects;1
gamma-Aminobutyric Acid;2
Omeprazole/pharmacology;2
Dihydroxyphenylalanine;1
Chest Pain/chemically induced;1
ATP-Binding Cassette, Sub-Family B, Member 1/drug effects;2
Achlorhydria/metabolism;1
Calcium, Dietary/administration & dosage;1
Phenothiazines;1
Sulfoxides/blood;1
Psychomotor Performance/drug effects;13
Amine Oxidase (Copper-Containing)/antagonists & inhibitors;1
Respiration, Artificial;1
Poisoning/therapy;1
Diclofenac/pharmacokinetics;2
Ginkgo biloba;5
Felodipine/pharmacokinetics;12
Fluorenes/therapeutic use;1
Acetaldehyde/blood;4
Phenylpropanolamine/adverse effects;3
Drug Antagonism;5
PUVA Therapy;1
Quinolones/pharmacokinetics;1
Antibiotics, Antitubercular/pharmacology;1
Intubation, Gastrointestinal/adverse effects;2
Mixed Function Oxygenases/antagonists & inhibitors;9
Clarithromycin/adverse effects;2
Violence/legislation & jurisprudence;1
Estrone/pharmacokinetics;1
Prednisolone/administration & dosage;1
Pain Management;1
Citrus paradisi;11
Fleroxacin/blood;2
Dextromethorphan/metabolism;1
Analgesics, Non-Narcotic/metabolism;1
Discrimination (Psychology)/drug effects;1
Labetalol/pharmacology;1
Aluminum/administration & dosage;1
Omeprazole/administration & dosage;1
Carbadox/toxicity;1
Saquinavir/pharmacokinetics;3
Radioimmunoassay;3
Legislation, Medical;1
Piperazines/antagonists & inhibitors;1
Biological Assay;1
Antiviral Agents/pharmacokinetics;1
Food, Fortified/adverse effects;4
Captopril/blood;3
Carbonated Beverages;2
Dipeptides/urine;1
Aspartame/adverse effects;1
Aluminum Hydroxide/administration & dosage;3
Benzamides/administration & dosage;1
Erythromycin/pharmacokinetics;2
Kinetics;42
Pharmacists;1
African Continental Ancestry Group;1
Fleroxacin/pharmacokinetics;2
Celiprolol/urine;2
Clozapine/metabolism;1
International Normalized Ratio/adverse effects;1
Drug Evaluation;2
Benzamides/therapeutic use;3
Adrenergic beta-Antagonists/pharmacokinetics;5
Aminophylline/pharmacokinetics;1
Meperidine/administration & dosage;1
Antifungal Agents/pharmacokinetics;11
Anticholesteremic Agents/pharmacology;2
Kidney Diseases/drug therapy;2
Heart Valve Prosthesis/adverse effects;1
Reference Standards;2
Lung Neoplasms/metabolism;1
Gastric Acid/secretion;2
Ofloxacin/urine;2
Coumarins/analysis;1
Duodenum/drug effects;1
Kidney Failure, Chronic/metabolism;2
Antihypertensive Agents/therapeutic use;1
Losartan/pharmacokinetics;1
Diagnosis, Differential;2
Antipsychotic Agents/metabolism;1
Plantago/metabolism;1
Temperament/drug effects;1
Quinidine/analogs & derivatives;1
Nisoldipine/pharmacology;2
Glutamine/isolation & purification;2
Anti-Anxiety Agents/antagonists & inhibitors;1
Dermatomycoses/metabolism;1
Anti-HIV Agents/therapeutic use;1
Hymecromone/analogs & derivatives;1
Cluster Headache/drug therapy;1
Gastric Emptying;1
Haloperidol/therapeutic use;1
Pericardium;1
Cimicifuga/adverse effects;1
Eleutherococcus/metabolism;1
Propanolamines/urine;1
Vasodilator Agents/blood;1
C-Reactive Protein/metabolism;1
Israel;1
Demeclocycline;1
Therapeutic Equivalency;6
Serotonin Uptake Inhibitors/pharmacology;1
Cytochrome P-450 Enzyme Inhibitors;18
Plants, Medicinal/analysis;1
Ethanol/pharmacology;15
Thyroxine/pharmacokinetics;1
Cimicifuga/chemistry;1
Mixed Function Oxygenases/biosynthesis;1
Clavulanic Acids/administration & dosage;1
Bronchial Spasm/chemically induced;1
Steroid Hydroxylases/metabolism;1
Anti-Anxiety Agents/blood;3
Carbamazepine/poisoning;1
Carbamazepine/analogs & derivatives;1
United States Food and Drug Administration;3
HIV Protease Inhibitors/pharmacokinetics;5
AIDS-Related Opportunistic Infections/prevention & control;1
Arterial Occlusive Diseases/chemically induced;1
Quinidine/metabolism;1
Pneumonia, Aspiration/complications;1
Electroencephalography/drug effects;1
Pargyline/pharmacology;1
Clozapine/pharmacokinetics;2
Drug Combinations/adverse effects;2
Rifampin/administration & dosage;1
Analysis of Variance;30
Iproniazid;1
Coronary Disease/chemically induced;2
Dipeptides/adverse effects;1
Aorta, Thoracic/drug effects;1
Cyclosporine/blood;15
Caffeine/urine;2
Gastrointestinal Diseases/chemically induced;1
Heart Conduction System/drug effects;1
Morinda/adverse effects;1
Calcium Carbonate/adverse effects;1
Citrus paradisi/adverse effects;1
Clopamide/pharmacology;1
Pefloxacin/pharmacology;1
Serotonin Syndrome/etiology;1
Central Nervous System Depressants/administration & dosage;1
Plant Extracts/adverse effects;13
Antiprotozoal Agents/administration & dosage;1
Soybeans/adverse effects;1
Calcium Channel Blockers/administration & dosage;2
Haplotypes/genetics;1
Metoprolol/blood;1
Lung Neoplasms/prevention & control;1
Indomethacin/blood;1
Angiotensin-Converting Enzyme Inhibitors;1
Adipose Tissue/metabolism;1
Drugs, Chinese Herbal/administration & dosage;2
Biological Transport/physiology;1
Atherosclerosis;1
Ginger/chemistry;1
Tetracycline/pharmacokinetics;2
Ergotamine/pharmacology;1
Itraconazole;2
Urine;1
Midazolam/antagonists & inhibitors;1
Phytotherapy/utilization;1
Anti-Bacterial Agents/administration & dosage;5
Vitamin K/chemistry;2
Platelet Aggregation Inhibitors/analysis;1
Amlodipine/pharmacology;2
Hypotension, Orthostatic/physiopathology;1
Intestine, Small/enzymology;3
Adrenergic beta-Antagonists/urine;5
Benzodiazepines/administration & dosage;1
Fentanyl/pharmacokinetics;1
Estradiol/analogs & derivatives;1
Anesthesia Recovery Period;1
Flavanones;7
Critical Care;2
Immunosuppressive Agents/therapeutic use;3
Food, Formulated/adverse effects;4
Osteoarthritis/therapy;1
Reflex/drug effects;1
Rhinitis, Atrophic/veterinary;1
Levofloxacin;3
Penicillins/metabolism;2
Cephalosporins/pharmacokinetics;2
Central Nervous System Stimulants;1
Vegetables;11
Dietary Carbohydrates;1
Tyramine/pharmacokinetics;3
Half-Life;57
Tranylcypromine/pharmacology;2
Receptors, GABA-A;1
Rats, Inbred Strains;3
Pneumonia/drug therapy;1
Eggs;1
Captopril/administration & dosage;1
Lipid Peroxidation/drug effects;1
Postoperative Care;1
Nitroprusside/therapeutic use;1
Haloperidol/blood;1
Liver/metabolism;10
Disulfiram;1
Respiratory Tract Infections/drug therapy;2
Food/classification;1
Hypnotics and Sedatives/pharmacology;2
Antipsychotic Agents/pharmacokinetics;1
Dietary Proteins/administration & dosage;2
Self Care/methods;1
Cytochrome P-450 Enzyme System/blood;1
Warfarin/metabolism;3
Emergency Service, Hospital;1
Oxidation-Reduction;3
Lithium/therapeutic use;2
Calcium Carbonate/pharmacology;1
Thiazines/adverse effects;1
Tranquilizing Agents/pharmacology;1
Lethal Dose 50;1
Creatinine/blood;5
Vitamin K/adverse effects;7
Anesthetics;1
Diazepam/pharmacology;4
Social Class;1
Histamine/poisoning;3
Drug Synergism;33
Food/adverse effects;2
Tea/adverse effects;3
Cloxacillin/urine;1
Magnesium Hydroxide/pharmacokinetics;1
Anti-Ulcer Agents/adverse effects;1
Perindopril;1
Eleutherococcus/chemistry;2
Ginger/adverse effects;2
Vitamins/adverse effects;1
Anti-Inflammatory Agents, Non-Steroidal/blood;1
Embolism/prevention & control;1
Androgen Antagonists/administration & dosage;1
Excipients/chemistry;1
Naphthoquinones/administration & dosage;3
Reference Values;36
Chromatography, High Pressure Liquid;49
Diazepam/administration & dosage;2
Aldosterone/blood;1
Bromobenzenes/administration & dosage;1
Food Analysis;5
Ketoprofen/toxicity;1
Alcoholism/complications;1
Cytochrome P-450 CYP1A2/drug effects;1
Simvastatin/pharmacokinetics;5
Analgesics, Opioid/urine;1
Tetrahydroisoquinolines;1
Hypoglycemic Agents/pharmacokinetics;1
Ibuprofen/chemistry;1
Nausea/chemically induced;2
Constipation/drug therapy;1
Shock/chemically induced;1
Headache/complications;1
Polyurethanes;1
Sulfonamides/pharmacokinetics;1
Hypoglycemic Agents/blood;1
Lanatosides/adverse effects;1
Carcinogens, Environmental/adverse effects;1
Monoamine Oxidase Inhibitors/pharmacokinetics;2
Blood Glucose/antagonists & inhibitors;1
Oxidoreductases/metabolism;2
Caffeine/blood;13
Autoimmune Diseases/metabolism;1
Valerian/metabolism;1
Acetaminophen/pharmacokinetics;12
Amiodarone/blood;1
Aluminum Hydroxide/metabolism;1
Azathioprine/blood;1
Quinidine/pharmacokinetics;2
Flavonoids/pharmacology;8
Propranolol/administration & dosage;1
Tomography, X-Ray Computed;1
Aldehyde Oxidoreductases/antagonists & inhibitors;2
Bacterial Infections/drug therapy;1
Lithium/pharmacokinetics;2
Uterine Cervicitis/drug therapy;1
Amino Acids/pharmacology;1
Glycosides/blood;1
Beverages/poisoning;1
Enzyme Induction/drug effects;2
Melatonin/blood;1
Neurocognitive Disorders/complications;1
Heparin Antagonists;1
Urodynamics/drug effects;1
Parenteral Nutrition, Total;2
Perylene/blood;1
Methoxsalen/analysis;1
Ions;1
Garlic/adverse effects;3
Quinidine/urine;1
Anticoagulants/therapeutic use;13
Ergot Alkaloids/adverse effects;1
International Normalized Ratio;18
Estradiol/administration & dosage;2
Emotions/drug effects;2
Antidepressive Agents, Tricyclic;1
Cognition/physiology;1
Bridged Bicyclo Compounds;1
Renin/blood;1
Ofloxacin/pharmacology;1
Multivariate Analysis;2
HIV Protease Inhibitors/metabolism;1
Chelating Agents/pharmacology;1
Doxycycline/pharmacokinetics;1
Neuritis/etiology;1
Cardiovascular Diseases/chemically induced;1
Hypertension/prevention & control;2
Food, Formulated/analysis;3
Anti-Arrhythmia Agents/urine;1
Plant Preparations/therapeutic use;3
Methadone/blood;1
Central Nervous System Stimulants/antagonists & inhibitors;1
Muscarine/isolation & purification;1
Acetamides/pharmacokinetics;3
Fat Emulsions, Intravenous/adverse effects;2
Uracil/metabolism;1
Sincalide/administration & dosage;1
Antidepressive Agents/therapeutic use;4
Immunosuppressive Agents/pharmacology;1
Punicaceae;1
Tabernaemontana;1
Beverages;109
Estrogen Replacement Therapy/adverse effects;1
Ketoconazole/administration & dosage;2
Aspirin/pharmacokinetics;1
Panax;8
Graft Rejection/immunology;1
Hypericum/metabolism;1
Chi-Square Distribution;1
Pharmaceutic Aids;1
Ketoconazole/pharmacology;2
Levodopa/pharmacokinetics;1
Cimicifuga;1
Jejunum/drug effects;1
Feces/analysis;1
Aldehyde Dehydrogenase/antagonists & inhibitors;1
Nitrendipine/pharmacokinetics;1
Flunitrazepam;1
Ciprofloxacin/analysis;1
Hematuria/etiology;1
Citrus paradisi/metabolism;2
Duodenum/enzymology;1
Self Medication/adverse effects;1
Ascorbic Acid/pharmacokinetics;1
Mixed Function Oxygenases/blood;2
Ergotamine/therapeutic use;4
Analgesics, Opioid/blood;1
Ampicillin/blood;3
Imipramine;1
Dermatomycoses/drug therapy;1
Nitroglycerin/pharmacology;1
Thromboembolism/prevention & control;2
Demeclocycline/metabolism;1
Fat Emulsions, Intravenous/pharmacology;1
Ointments;1
Suspensions;9
Celiprolol/pharmacokinetics;2
Enzyme Activation/drug effects;2
Lisinopril;1
Hydroxylation/drug effects;1
Berberine/pharmacology;3
Ergotamine/metabolism;1
Hemorrhage/chemically induced;3
Dihydroergotamine/administration & dosage;4
Pregnancy Complications, Hematologic/drug therapy;1
Dextropropoxyphene/adverse effects;1
Blood Glucose/drug effects;1
Sodium Chloride/therapeutic use;1
Antifungal Agents/antagonists & inhibitors;1
Vasospasm, Intracranial/diagnosis;1
Pyridazines/urine;1
Tranylcypromine/therapeutic use;2
Mixed Function Oxygenases/physiology;2
Diclofenac/pharmacology;1
Anti-Bacterial Agents/therapeutic use;1
Agaricales;1
Central Nervous System Stimulants/blood;4
Dextromethorphan/administration & dosage;1
Linezolid;4
Ofloxacin/pharmacokinetics;4
ATP-Binding Cassette, Sub-Family B, Member 1/biosynthesis;1
Mushroom Poisoning;1
Bisacodyl/adverse effects;1
Cyclopropanes/chemical synthesis;1
Hydrocortisone/blood;2
Menopause/metabolism;1
Tyramine/metabolism;2
Caffeine/adverse effects;11
Contraindications;3
Mental Processes/drug effects;4
Reaction Time/physiology;1
Intubation, Gastrointestinal;8
Contraceptives, Oral/adverse effects;2
Ampicillin/metabolism;5
Achlorhydria/chemically induced;1
Histamine H1 Antagonists/pharmacokinetics;5
Anti-Inflammatory Agents, Non-Steroidal/pharmacokinetics;9
Labetalol/metabolism;1
Flavonoids/analysis;2
Cucurbitaceae;1
Glutamine/pharmacology;1
Pneumonia/complications;1
Anti-Infective Agents/pharmacokinetics;17
Jejunostomy/adverse effects;1
Enalapril/blood;1
Panax/immunology;1
Potassium/blood;1
Epilepsy, Tonic-Clonic/drug therapy;1
Milk Thistle;1
Atenolol/pharmacokinetics;1
Immunosuppressive Agents/adverse effects;1
Blood Coagulation Disorders/etiology;1
Probenecid/pharmacology;1
Sucralfate/pharmacology;2
Indicators and Reagents;1
Garlic;5
Sodium/blood;2
Trifluoperazine;2
Behavior Control/psychology;1
Magnoliopsida;2
Anti-Infective Agents/administration & dosage;6
Sleep Initiation and Maintenance Disorders/chemically induced;1
Citrus/metabolism;10
Endothelium, Vascular/physiology;1
Estradiol/pharmacokinetics;1
Serotonin/administration & dosage;1
Blood Loss, Surgical;1
Verapamil/adverse effects;1
Fluorescence Polarization Immunoassay;1
Pain/etiology;1
Pharyngitis/physiopathology;1
International Normalized Ratio/statistics & numerical data;1
Aluminum/metabolism;2
Dietary Sucrose/blood;1
Benzamides/adverse effects;3
Tuberculosis, Pulmonary/drug therapy;1
Nutritional Status;2
Ethanolamines/pharmacokinetics;1
Citric Acid;10
Monoamine Oxidase Inhibitors/poisoning;1
Captopril/pharmacology;2
Volunteers;2
Central Nervous System Depressants/blood;3
Antiprotozoal Agents/pharmacokinetics;1
Antioxidants/therapeutic use;1
Diarrhea/chemically induced;1
Arteriosclerosis Obliterans/drug therapy;1
Menstruation;2
Digoxin/immunology;1
Analgesics/pharmacokinetics;1
Furocoumarins/administration & dosage;1
Association Learning/drug effects;1
Mixed Function Oxygenases/metabolism;16
Attitude to Health;1
Heart Valve Prosthesis;1
ATP-Binding Cassette, Sub-Family B, Member 1/pharmacokinetics;1
Enzyme Inhibitors/administration & dosage;1
Diazepam/metabolism;3
Kidney Transplantation;12
Heparin/blood;1
Vomiting/chemically induced;1
Valerian/chemistry;1
Monoamine Oxidase Inhibitors/pharmacology;8
Bisacodyl/pharmacology;1
Anticonvulsants/blood;3
Ginkgo biloba/metabolism;1
Monoamine Oxidase Inhibitors/adverse effects;17
Enteral Nutrition/adverse effects;6
Plants, Medicinal;31
Pyrazoles/pharmacokinetics;1
Gastric Emptying/drug effects;2
Diet/adverse effects;3
Tromethamine/pharmacology;1
Aluminum/pharmacokinetics;4
Metrorrhagia/therapy;1
Risk;1
Chlortetracycline/analogs & derivatives;1
Glutamine/analogs & derivatives;2
Digoxin/antagonists & inhibitors;1
Blood Coagulation/drug effects;10
Cytochrome P-450 CYP1A2 Inhibitors;5
Nelfinavir/therapeutic use;1
Hypercalcemia/diagnosis;1
Aminophylline/therapeutic use;3
Proline/analogs & derivatives;4
Heart Rate;1
Fleroxacin/urine;1
Cytochrome P-450 Enzyme System/immunology;1
Cephalexin/administration & dosage;1
Tetrazoles/pharmacokinetics;2
Anti-Arrhythmia Agents/blood;3
Birth Weight;1
Aza Compounds/blood;1
Quinolines/pharmacology;2
Disulfiram/analysis;1
Anti-Obesity Agents/therapeutic use;1
Antimalarials/blood;2
Oxidoreductases;2
Diuresis;1
Tyramine/adverse effects;12
Histamine H2 Antagonists/therapeutic use;1
Anticonvulsants/pharmacology;1
Hypoxia-Ischemia, Brain/chemically induced;1
Seizures/drug therapy;3
Indocyanine Green/metabolism;1
Fentanyl/analogs & derivatives;2
Symporters;1
Citrus aurantiifolia/metabolism;1
Aminophylline/pharmacology;7
Anesthesia;1
Bleeding Time;3
Plants, Medicinal/chemistry;1
Aluminum/blood;6
Lithium/adverse effects;3
Gels;1
Benzodiazepinones/administration & dosage;1
Central Nervous System/drug effects;1
Calcium/administration & dosage;1
Vitamin K/therapeutic use;4
Alcoholic Beverages;2
Food-Drug Interactions/physiology;10
Isoniazid/adverse effects;6
Plant Poisoning/complications;1
Antifibrinolytic Agents/blood;1
Caffeine/pharmacokinetics;19
Chromatography, High Pressure Liquid/methods;2
Intestinal Absorption/physiology;4
Plant Preparations/adverse effects;10
Atenolol/metabolism;1
South Africa;1
Benzophenones/therapeutic use;1
Urea/blood;1
Thrombocytopenia/drug therapy;1
Antibodies, Monoclonal/pharmacology;1
Acebutolol/blood;1
Cytochrome P-450 CYP2D6 Inhibitors;1
Behavior Therapy;1
Antioxidants/pharmacokinetics;1
Soybean Proteins/pharmacology;1
Yeast, Dried/adverse effects;2
Heart Valve Prosthesis Implantation;1
Water/pharmacology;1
Fluconazole/administration & dosage;1
Quinolines/administration & dosage;1
Acetaminophen/urine;2
Arthritis, Rheumatoid/drug therapy;1
Nonprescription Drugs/adverse effects;1
Anxiety/therapy;1
Intestinal Absorption;45
Fasting/adverse effects;1
Patient Selection;1
Lithium/administration & dosage;1
Plant Roots;3
Enalapril/pharmacokinetics;1
Plant Oils;1
Buspirone/pharmacology;3
ATP-Binding Cassette, Sub-Family B, Member 1/genetics;3
Drug Therapy, Combination;13
Thallium Radioisotopes;2
Drug Resistance;11
Hypericum/therapeutic use;3
Tuberculosis, Multidrug-Resistant/drug therapy;1
Cocaine/pharmacology;1
Double-Blind Method;40
Dipeptides/metabolism;1
Substance-Related Disorders/blood;1
Citrus sinensis/chemistry;1
Antidepressive Agents/pharmacology;2
Contraceptives, Oral, Hormonal/administration & dosage;1
Pyridines/pharmacokinetics;1
Ofloxacin/analysis;1
Pyrimidines/administration & dosage;1
Pupil/drug effects;1
Enzyme Inhibitors/pharmacokinetics;1
Personality Inventory;1
Herb-Drug Interactions;16
Albendazole/blood;1
Delayed-Action Preparations;24
Warfarin/therapeutic use;22
Aryl Hydrocarbon Hydroxylases/genetics;2
Ciprofloxacin/administration & dosage;9
Praziquantel/pharmacokinetics;2
Disease;1
Triazoles/administration & dosage;1
Mouth Mucosa/metabolism;1
Adrenergic Agents/pharmacokinetics;1
Oxazoles/pharmacokinetics;1
Phenylpropanolamine/pharmacokinetics;2
Trifluoperazine/pharmacology;1
Nutrition Assessment;2
Heart Failure/blood;1
Phenanthrolines/therapeutic use;2
Tolbutamide/blood;1
Magnesium Chloride;1
Hemodynamics/drug effects;10
Substance Abuse Detection;2
Haloperidol/pharmacology;1
Rabbits;2
Encephalitis/chemically induced;1
Alcohol Drinking/metabolism;3
Ergot Alkaloids/therapeutic use;1
Anaphylaxis/diagnosis;1
Calcium/adverse effects;1
Acute Kidney Injury/etiology;1
Gestational Age;2
Tongue/blood supply;1
Sulfoxides/metabolism;1
Doxycycline/blood;2
Tetracycline;1
Venlafaxine Hydrochloride;2
Models, Biological;5
Central Nervous System Stimulants/pharmacokinetics;7
Cefuroxime/metabolism;1
Piperidines/pharmacology;1
Lysine/analogs & derivatives;1
Hydroxymethylglutaryl-CoA Reductase Inhibitors/pharmacokinetics;3
Blood Coagulation Disorders/chemically induced;3
Methods;3
Oxazines/blood;1
Obesity/drug therapy;1
Flavonoids/blood;2
Yeast, Dried/pharmacology;1
Galactans/pharmacology;1
Methoxsalen/pharmacology;2
Alcohols;1
Water/metabolism;3
Indinavir/pharmacology;1
Anti-Inflammatory Agents, Non-Steroidal/administration & dosage;2
Dietary Proteins;2
Digoxin/adverse effects;1
Isothiocyanates/metabolism;1
Hemoglobins/metabolism;1
Oxprenolol/administration & dosage;2
Methadone/administration & dosage;1
Isoenzymes/metabolism;2
Glucose Tolerance Test;3
Ethanol/administration & dosage;1
Hydroxylamine;1
Pressoreceptors/drug effects;1
Pulse;1
Self-Assessment;1
Anti-Bacterial Agents/pharmacokinetics;3
Cardiotonic Agents/therapeutic use;1
Benzamides/pharmacology;3
Oxazepam/urine;1
Lung Diseases/blood;1
Celecoxib;1
Phenylpropionates/pharmacokinetics;2
Vitamin K/pharmacology;10
Serotonin Receptor Agonists/administration & dosage;1
Menstrual Cycle/physiology;1
Nicardipine/chemistry;1
Blood Pressure Monitoring, Ambulatory;1
Nifedipine/blood;2
Hypericum/physiology;1
Pueraria;1
