pharmacokinetics*,436
blood,351
adverse effects*,347
pharmacology*,346
administration & dosage,314
metabolism,238
drug effects,210
pharmacology,194
metabolism*,188
pharmacokinetics,147
adverse effects,143
therapeutic use,127
blood*,109
therapeutic use*,85
drug therapy,83
drug effects*,81
urine,68
drug therapy*,65
administration & dosage*,64
analysis,57
chemically induced*,56
etiology*,53
analogs & derivatives*,49
chemically induced,45
chemistry*,42
antagonists & inhibitors*,40
physiology,37
chemistry,37
physiology*,34
analogs & derivatives,26
complications,25
enzymology,24
antagonists & inhibitors,21
analysis*,21
genetics,20
etiology,16
poisoning*,15
methods*,14
therapy,12
physiopathology,12
therapy*,10
urine*,8
prevention & control,8
immunology,8
diagnosis,8
complications*,8
biosynthesis,8
prevention & control*,7
poisoning,7
isolation & purification,7
isolation & purification*,6
diagnosis*,6
blood supply*,6
toxicity*,5
toxicity,5
methods,5
blood supply,5
biosynthesis*,5
surgery,4
statistics & numerical data,4
psychology*,4
psychology,4
enzymology*,4
diet therapy,4
diagnostic imaging,4
utilization*,3
physiopathology*,3
pathology,3
pathogenicity*,3
instrumentation,3
genetics*,3
secretion*,2
ethnology,2
diagnostic imaging*,2
chemical synthesis,2
anatomy & histology,2
veterinary*,1
veterinary,1
standards*,1
rehabilitation*,1
pathology*,1
microbiology*,1
legislation & jurisprudence,1
innervation,1
immunology*,1
epidemiology*,1
diet therapy*,1
deficiency*,1
deficiency,1
cytology,1
classification,1
