Humans,684
Male,487
Adult,482
Female,377
Middle Aged,186
Drug Interactions,186
Biological Availability,140
Cross-Over Studies,128
Oral,110
Aged,108
Administration,106
Area Under Curve,93
Beverages*,88
Food-Drug Interactions*,73
Citrus*,70
Time Factors,69
Chromatography,65
Animals,63
Half-Life,60
High Pressure Liquid,51
Adolescent,47
Cytochrome P-450 CYP3A,45
Double-Blind Method,43
Kinetics,42
Food*,42
Plants,40
Food,39
Rats,37
Drug,37
Dose-Response Relationship,37
Reference Values,36
Intestinal Absorption,35
Drug Synergism,35
Food-Drug Interactions,31
Analysis of Variance,31
Medicinal*,30
Intravenous,29
Blood Pressure/drug effects,29
Analgesics,29
Beverages,28
Heart Rate/drug effects,27
Fasting,24
Drugs,24
Delayed-Action Preparations,24
Cytochrome P-450 Enzyme System/metabolism,24
Drug Combinations,23
Absorption,22
Random Allocation,20
Caffeine/pharmacology*,20
Enteral Nutrition*,19
Injections,18
Diet,18
Cyclosporine/pharmacokinetics*,18
Microsomes,17
Diet*,17
Anti-Inflammatory Agents,17
Warfarin/therapeutic use*,16
Phytotherapy*,16
International Normalized Ratio,16
Infusions,16
Biotransformation,16
Warfarin/pharmacology*,15
Intestinal Absorption/drug effects,15
Hypericum/adverse effects*,15
Hydrogen-Ion Concentration,15
Blood Pressure/drug effects*,15
80 and over,15
Treatment Outcome,14
Tablets,14
Sub-Family B,14
Plant Extracts/pharmacology*,14
Monoamine Oxidase Inhibitors/adverse effects*,14
Metabolic Clearance Rate,14
Ergotism/etiology*,14
Drug Administration Schedule,14
Child,14
Caffeine/administration & dosage,14
ATP-Binding Cassette,14
Warfarin/adverse effects*,13
Liver/metabolism,13
Drug Therapy,13
Combination,13
Caffeine/pharmacokinetics*,13
Anti-Infective Agents/pharmacokinetics*,13
Theophylline/administration & dosage,12
Prothrombin Time,12
Prospective Studies,12
Immunosuppressive Agents/pharmacokinetics*,12
Ethanol/pharmacology*,12
Digoxin/pharmacokinetics*,12
Cytochrome P-450 Enzyme Inhibitors,12
Contraceptives,12
Anticoagulants/adverse effects*,12
Vitamin K/administration & dosage*,11
Plant Extracts/administration & dosage,11
Mixed Function Oxygenases/metabolism,11
Milk*,11
Liver/enzymology,11
Intestinal Absorption*,11
Ergotamine/adverse effects*,11
Eating*,11
Drug Resistance,11
Cytochrome P-450 Enzyme System/metabolism*,11
Clinical Trials as Topic,11
Citrus paradisi*,11
Ciprofloxacin/pharmacokinetics*,11
Calcium Channel Blockers/pharmacokinetics*,11
Caffeine/blood,11
Caffeine/adverse effects*,11
Antifungal Agents/pharmacokinetics*,11
Anti-Infective Agents/blood,11
Warfarin/antagonists & inhibitors*,10
Vegetables*,10
Theophylline/pharmacokinetics*,10
Placebos,10
Non-Steroidal/pharmacokinetics*,10
Liver/drug effects,10
Intubation,10
In Vitro Techniques,10
Hypertension/chemically induced,10
Herb-Drug Interactions*,10
Herb-Drug Interactions,10
Ethanol/blood,10
Enzyme Inhibitors/pharmacology*,10
Eating,10
Citrus/metabolism*,10
Citric Acid,10
Antidepressive Agents,10
Anticonvulsants/pharmacokinetics*,10
Anticoagulants/therapeutic use*,10
Suspensions,9
Stereoisomerism,9
Plant Extracts/pharmacology,9
Migraine Disorders/drug therapy,9
Metabolic Clearance Rate/drug effects,9
Felodipine/pharmacokinetics*,9
Digoxin/blood,9
Caffeine/metabolism*,9
Beverages/adverse effects*,9
Anticoagulants/pharmacology*,9
Acetaminophen/pharmacokinetics*,9
Warfarin/administration & dosage,8
Tyramine/adverse effects*,8
Plant Extracts/adverse effects*,8
Panax*,8
Hypericum*,8
Food-Drug Interactions/physiology*,8
Fluoroquinolones*,8
Ethanol/blood*,8
Dietary Supplements,8
Cytochrome P-450 Enzyme Inhibitors*,8
Cyclosporine/blood*,8
Citrus/chemistry*,8
Chemistry,8
Antifungal Agents/blood,8
Anti-Infective Agents/pharmacology*,8
Antacids/pharmacology*,8
Warfarin/blood,7
Vitamin K/pharmacology*,7
Vitamin K/administration & dosage,7
Tyramine/pharmacology*,7
Toxicology*,7
Theophylline/blood,7
Sprague-Dawley,7
Psychomotor Performance/drug effects*,7
Phytotherapy/adverse effects*,7
Phenytoin/pharmacokinetics*,7
Phenytoin/administration & dosage,7
Oxidoreductases,7
Moclobemide,7
Kidney Failure,7
Intestine,7
Flavanones*,7
Diazepam/antagonists & inhibitors*,7
Cytochrome P-450 CYP1A2/metabolism,7
Cyclosporine/blood,7
Cyclosporine/administration & dosage,7
Chinese Herbal/pharmacology*,7
Capsules,7
Caffeine/pharmacology,7
Caffeine/pharmacokinetics,7
Aryl Hydrocarbon Hydroxylases/metabolism*,7
Acetaminophen/administration & dosage,7
Water,6
Warfarin/therapeutic use,6
Warfarin/pharmacology,6
Vitamin K/analysis,6
Vaccinium macrocarpon*,6
Therapeutic Equivalency,6
Terfenadine/pharmacokinetics*,6
Statistics,6
Reaction Time/drug effects,6
Psychomotor Performance/drug effects,6
Plant Extracts/pharmacokinetics,6
Pilot Projects,6
Phytotherapy,6
Nonparametric,6
Monoamine Oxidase Inhibitors/pharmacology*,6
Models,6
Mixed Function Oxygenases/antagonists & inhibitors,6
Milk,6
Medicine,6
Kidney Transplantation*,6
Kidney Transplantation,6
Itraconazole/pharmacokinetics*,6
Isoniazid/adverse effects*,6
Immunosuppressive Agents/blood,6
Hypnotics and Sedatives/pharmacokinetics*,6
Hypertension/chemically induced*,6
Hemodynamics/drug effects,6
Ginkgo biloba*,6
Gastrointestinal,6
Gas Chromatography-Mass Spectrometry,6
Gas,6
Formulated*,6
Enteral Nutrition/adverse effects*,6
Drug Tolerance,6
Drug Monitoring,6
Dietary Carbohydrates/pharmacology,6
Cytochrome P-450 CYP2C9,6
Creatinine/blood,6
Coffee*,6
Ciprofloxacin/blood,6
Ciprofloxacin/administration & dosage,6
Carbamazepine/pharmacokinetics*,6
Blood Coagulation/drug effects*,6
Biological,6
Antifungal Agents/administration & dosage,6
Anesthesia,6
Aminophylline/pharmacology*,6
Age Factors,6
Adrenergic beta-Antagonists/urine,6
Acute Disease,6
Acetaminophen/blood,6
Yeast,5
Wistar,5
United States,5
Tyramine/analysis,5
Theophylline/metabolism*,5
Tea*,5
Solubility,5
Sex Factors,5
RNA,5
Reproducibility of Results,5
Plant Preparations/pharmacology*,5
Plant Preparations/adverse effects,5
Plant Extracts/therapeutic use,5
Plant Extracts/adverse effects,5
Phenytoin/metabolism*,5
Pharmaceutical,5
Organic Anion Transporters,5
Mixed Function Oxygenases/metabolism*,5
Mice,5
Mass Spectrometry,5
Liver/metabolism*,5
Linezolid,5
Itraconazole/blood,5
Intestinal Absorption/drug effects*,5
Infant,5
Immunosuppressive Agents/administration & dosage,5
Hypotension,5
Hypercalcemia/complications,5
HIV Protease Inhibitors/adverse effects*,5
HIV Infections/drug therapy,5
Hemodynamics/drug effects*,5
Hematoma,5
Genotype,5
Genes,5
Garlic*,5
Follow-Up Studies,5
Fishes*,5
Felodipine/analogs & derivatives,5
Drug Antagonism,5
Digoxin/metabolism*,5
Dietary Proteins/pharmacology*,5
Dietary Fats/pharmacology*,5
Cytochrome P-450 Enzyme System/physiology,5
Cytochrome P-450 CYP1A2/metabolism*,5
Citrus,5
Chinese Herbal/adverse effects*,5
Cheese*,5
Central Nervous System Stimulants/administration & dosage,5
Cardiotonic Agents/pharmacokinetics*,5
Calcium Channel Blockers/blood,5
Calcium Channel Blockers/adverse effects,5
Caffeine/metabolism,5
Blood Coagulation/drug effects,5
Aryl Hydrocarbon Hydroxylases*,5
Antimalarials/pharmacokinetics*,5
Antidepressive Agents/adverse effects*,5
Anticoagulants/pharmacology,5
Anticoagulants/blood,5
Anticoagulants/administration & dosage,5
Anticholesteremic Agents/pharmacokinetics*,5
Anti-Bacterial Agents/administration & dosage,5
Anti-Anxiety Agents/pharmacology*,5
Amoxicillin/metabolism*,5
Aluminum/blood,5
Adrenergic beta-Antagonists/pharmacokinetics*,5
Warfarin/pharmacokinetics*,4
Vitamin K/metabolism*,4
Vitamin K/adverse effects,4
Verapamil/pharmacokinetics*,4
Ultraviolet,4
Tyramine/adverse effects,4
Triazolam/pharmacokinetics*,4
Triazolam/blood,4
Tissue Distribution,4
Theophylline/blood*,4
Terfenadine/blood,4
Terfenadine/analogs & derivatives*,4
Spectrophotometry,4
Small/enzymology,4
Serotonin Uptake Inhibitors/adverse effects*,4
Ritonavir/adverse effects*,4
Rifampin/pharmacology,4
Receptors,4
Pulmonary Embolism/drug therapy,4
Prothrombin*,4
Protein Binding,4
Proline/analogs & derivatives*,4
Pregnancy,4
Pravastatin/pharmacokinetics*,4
Plant Preparations/adverse effects*,4
Plant Preparations/administration & dosage,4
Plant Extracts/therapeutic use*,4
Phenytoin/blood*,4
Phenytoin/blood,4
Phenelzine/adverse effects*,4
Ofloxacin/pharmacokinetics*,4
Non-Narcotic/pharmacokinetics*,4
Non-Narcotic/administration & dosage,4
Naproxen/pharmacokinetics*,4
Naphthoquinones/pharmacokinetics*,4
Monoamine Oxidase Inhibitors/therapeutic use*,4
Monoamine Oxidase Inhibitors/therapeutic use,4
Member 1/metabolism*,4
Ischemia/chemically induced*,4
International Normalized Ratio*,4
Hypertension/physiopathology,4
Hypertension/drug therapy*,4
Hydroxymethylglutaryl-CoA Reductase Inhibitors/pharmacokinetics*,4
Hydroxymethylglutaryl-CoA Reductase Inhibitors/blood*,4
Hydralazine/administration & dosage,4
Hemorrhage/chemically induced*,4
Ginkgo biloba/adverse effects*,4
Furocoumarins/pharmacology*,4
Fruit*,4
Formulated/adverse effects*,4
Formulated,4
Food Analysis,4
Flavonoids/pharmacology*,4
Flavonoids/pharmacology,4
Felodipine/blood,4
Fatal Outcome,4
Fat Emulsions,4
Fasting*,4
Ethanol/adverse effects*,4
Erythromycin/adverse effects*,4
Ergotamine/administration & dosage,4
Eating/physiology*,4
Drug Interactions/physiology,4
Drug Interactions*,4
Digoxin/pharmacokinetics,4
Dietary Supplements/adverse effects*,4
Dietary Fiber/pharmacology*,4
Dietary Fats/pharmacology,4
Dietary Fats/administration & dosage,4
Dietary Carbohydrates/pharmacology*,4
Depressive Disorder/drug therapy*,4
Depressive Disorder/drug therapy,4
Cytochrome P-450 CYP2C19,4
Cytochrome P-450 CYP1A2 Inhibitors*,4
Cytochrome P-450 CYP1A2,4
Confidence Intervals,4
Cohort Studies,4
Coffee/adverse effects*,4
Citrus*/chemistry,4
Ciprofloxacin/pharmacokinetics,4
Central Nervous System Stimulants/pharmacokinetics,4
Central Nervous System Stimulants/blood,4
Calcium Channel Blockers/pharmacology,4
Blood*,4
Berberine/pharmacology*,4
Atovaquone,4
Atorvastatin Calcium,4
Aryl Hydrocarbon Hydroxylases/metabolism,4
Antioxidants/pharmacology,4
Anticoagulants/therapeutic use,4
Anticoagulants/pharmacokinetics*,4
Antibiotics,4
Anti-Infective Agents/urine,4
Anti-Infective Agents/pharmacokinetics,4
Anti-Infective Agents/administration & dosage,4
Anti-Bacterial Agents/pharmacokinetics*,4
Anti-Arrhythmia Agents/pharmacokinetics*,4
Anti-Anxiety Agents/pharmacokinetics*,4
Ampicillin/analogs & derivatives*,4
Aluminum/pharmacokinetics*,4
Adrenergic beta-Antagonists/blood,4
Acetaminophen/pharmacokinetics,4
Acetaminophen/adverse effects,4
Acetaldehyde/blood,4
4-Quinolones,4
Wine*,3
Western,3
Water/metabolism,3
Warfarin/adverse effects,3
Vitamins*,3
Vitamin K/therapeutic use,3
Vitamin K/pharmacology,3
Vitamin K/adverse effects*,3
Vasoconstrictor Agents/adverse effects*,3
Tyramine/administration & dosage,3
Tuberculosis,3
Tranylcypromine/adverse effects,3
Thin Layer,3
Theophylline/pharmacology*,3
Theophylline/pharmacokinetics,3
Theophylline/metabolism,3
Tea/adverse effects*,3
Surveys and Questionnaires,3
Subcutaneous,3
Sodium Bicarbonate,3
Single-Blind Method,3
Simvastatin/pharmacokinetics*,3
Simvastatin/pharmacokinetics,3
Serotonin Syndrome/chemically induced*,3
Sensitivity and Specificity,3
Seizures/drug therapy,3
Schizophrenia/drug therapy*,3
Safety,3
Risk Factors,3
Regression Analysis,3
Reference Standards,3
Radioimmunoassay,3
Quinolones*,3
Quinolines/pharmacokinetics*,3
Pyrroles/pharmacokinetics*,3
Pyrimidines/pharmacology*,3
Psychoses,3
Psychiatric Status Rating Scales,3
Preschool,3
Prednisolone/pharmacokinetics,3
Postural Balance/drug effects,3
Postprandial Period,3
Plant Roots,3
Plant Preparations/administration & dosage*,3
Plant Extracts/chemistry,3
Plant Extracts/blood,3
Phenylpropanolamine/adverse effects*,3
Phenotype,3
Patient Education as Topic,3
Parenteral Nutrition/adverse effects*,3
Parenteral Nutrition*,3
Pain Measurement,3
Oxidation-Reduction,3
Oxazolidinones/pharmacokinetics*,3
Oxazolidinones/administration & dosage,3
Oral/pharmacology*,3
Omeprazole/blood,3
Ofloxacin/blood,3
Ofloxacin,3
Nifedipine/pharmacokinetics*,3
Naproxen/administration & dosage,3
Naphthoquinones/administration & dosage,3
N-Demethylating/metabolism*,3
Muscle,3
Motor Skills/drug effects*,3
Monoamine Oxidase Inhibitors/adverse effects,3
Monoamine Oxidase Inhibitors/administration & dosage,3
Monoamine Oxidase Inhibitors*,3
Mixed Function Oxygenases/antagonists & inhibitors*,3
Midazolam/pharmacokinetics,3
Methods,3
Member 1/genetics,3
Medicinal/adverse effects*,3
MDR/genetics,3
Liver/enzymology*,3
Kidney Transplantation/physiology*,3
Ketoprofen/pharmacokinetics*,3
Itraconazole/administration & dosage,3
Isoniazid/therapeutic use,3
Intestines/metabolism,3
Intestines/drug effects,3
Inbred Strains,3
Immunosuppressive Agents/therapeutic use,3
Immunosuppressive Agents/blood*,3
Ibuprofen/pharmacokinetics*,3
Ibuprofen/administration & dosage,3
Hypnotics and Sedatives/blood,3
Hypertension/drug therapy,3
Hypertension*,3
Hyperlipoproteinemia Type II/drug therapy,3
Hypercholesterolemia/drug therapy,3
Hypercalcemia/chemically induced*,3
Hydralazine/blood*,3
HIV Protease Inhibitors/pharmacokinetics*,3
HIV Infections/drug therapy*,3
Histamine/poisoning*,3
Histamine H1 Antagonists/pharmacokinetics*,3
Heptanoic Acids/pharmacokinetics*,3
Heart Transplantation*,3
Headache/chemically induced,3
Glucose Tolerance Test,3
Gestational Age,3
Gastric Acidity Determination,3
Furocoumarins/pharmacology,3
Fruit,3
Fortified*,3
Food-Drug Interactions/physiology,3
Flurbiprofen/pharmacokinetics*,3
Fluoxetine/adverse effects,3
Flicker Fusion/drug effects,3
Felodipine/pharmacokinetics,3
Felodipine/adverse effects,3
Fasting/metabolism,3
Fasting/blood,3
European Continental Ancestry Group,3
Ethanol/pharmacology,3
Ethanol/metabolism,3
Ethanol/antagonists & inhibitors*,3
Erythromycin/analogs & derivatives*,3
Erythromycin/adverse effects,3
Erythromycin/administration & dosage,3
Ergotamine/therapeutic use,3
Epidural,3
Enzyme Inhibitors/pharmacology,3
Enteral Nutrition/methods*,3
Enteral Nutrition,3
Enoxacin,3
Emulsions,3
Electrocardiography/drug effects,3
Electrocardiography,3
Drug Stability,3
Drinking,3
Dihydroergotamine/adverse effects*,3
Dihydroergotamine/administration & dosage,3
Digoxin/blood*,3
Differential,3
Dietary Supplements*,3
Dietary Proteins/pharmacology,3
Diclofenac/pharmacokinetics*,3
Diazepam/metabolism,3
Diagnosis,3
Diabetes Mellitus,3
Dextromethorphan/pharmacokinetics,3
Depression/drug therapy,3
Cytochrome P-450 CYP2D6/metabolism*,3
Cyclosporine/therapeutic use,3
Cyclosporine/pharmacokinetics,3
Contraindications,3
Clozapine/blood*,3
Citrus sinensis*,3
Citrates/pharmacology*,3
Citrates/administration & dosage,3
Ciprofloxacin/pharmacology*,3
Ciprofloxacin/pharmacology,3
Ciprofloxacin/administration & dosage*,3
Cimetidine/pharmacology*,3
Chronic/therapy*,3
Chronic Disease,3
Chinese Traditional,3
Chinese Herbal/therapeutic use,3
Chemical Precipitation,3
Cheese/analysis,3
Central Nervous System Stimulants/pharmacology*,3
Central Nervous System Stimulants/pharmacokinetics*,3
Central Nervous System Depressants/blood,3
Carrier Proteins/metabolism,3
Cardiotonic Agents/blood,3
Captopril/blood,3
Calibration,3
Calcium/blood,3
Calcium Channel Blockers/pharmacology*,3
Buspirone/pharmacology*,3
Buspirone,3
Breath Tests,3
Body Weight,3
Blotting,3
Bleeding Time,3
Benzodiazepines/pharmacokinetics*,3
Benzodiazepines*,3
Atrial Fibrillation/drug therapy*,3
Asian Continental Ancestry Group,3
Artemisinins*,3
Antipsychotic Agents/blood*,3
Antifungal Agents/adverse effects,3
Anticoagulants/adverse effects,3
Anti-Bacterial Agents/adverse effects*,3
Anti-Arrhythmia Agents/blood,3
Anti-Anxiety Agents/blood,3
Antacids/adverse effects*,3
Angiotensin-Converting Enzyme Inhibitors/pharmacokinetics*,3
Ampicillin/urine,3
Ampicillin/metabolism*,3
Ampicillin/blood,3
Amlodipine/pharmacokinetics*,3
Aluminum Hydroxide/pharmacology,3
Aluminum Hydroxide/adverse effects*,3
Aluminum Hydroxide/administration & dosage,3
Alprazolam/pharmacokinetics,3
Alcoholic Beverages*,3
Alcohol Drinking/adverse effects,3
Affect/drug effects,3
Acetaminophen/metabolism*,3
Acetamides/pharmacokinetics*,3
Acetamides/administration & dosage,3
Xanthines/metabolism,2
Xanthine Oxidase/metabolism*,2
Water/administration & dosage,2
Warfarin/pharmacokinetics,2
Warfarin/metabolism*,2
Warfarin/administration & dosage*,2
Volunteers,2
Vitis*,2
Vitamin K/chemistry,2
Vitamin K/blood*,2
Vitamin K/blood,2
Vitamin K*,2
Vitamin K 1/pharmacology*,2
Vitamin K 1/analysis,2
Verapamil/pharmacology,2
Verapamil/blood,2
Venlafaxine Hydrochloride,2
Vegetables*/analysis,2
Vegetables,2
Vasospasm,2
Vasodilator Agents/therapeutic use,2
Uric Acid/metabolism,2
Uric Acid/analogs & derivatives,2
Uracil/metabolism,2
Uracil/analogs & derivatives,2
United States Food and Drug Administration*,2
Ultrafiltration,2
Tyramine/pharmacology,2
Tyramine/pharmacokinetics,2
Tyramine/metabolism*,2
Tyramine/blood,2
Type 2/drug therapy*,2
Tuna*,2
Troleandomycin/adverse effects*,2
Trifluoperazine*,2
Triazolam/metabolism,2
Tremor/chemically induced*,2
Tranylcypromine/pharmacology*,2
Tranylcypromine/adverse effects*,2
Tranylcypromine*,2
Total,2
Tomography,2
Tolbutamide/pharmacokinetics*,2
Tolbutamide/pharmacokinetics,2
Thrombosis/drug therapy,2
Thiazines/blood,2
Thiabendazole/pharmacology*,2
Thiabendazole/metabolism,2
Theophylline/adverse effects,2
Tetrazoles/pharmacokinetics*,2
Tetracycline/pharmacokinetics*,2
Terfenadine/pharmacokinetics,2
Tea/chemistry*,2
Tandem Mass Spectrometry/methods*,2
Systole/drug effects,2
Syndrome,2
Swine,2
Sulfones,2
Sulfonamides/therapeutic use,2
Sulfates*,2
Sucralfate/pharmacology*,2
Substance-Induced/etiology*,2
Structure-Activity Relationship,2
Steroid 16-alpha-Hydroxylase*,2
Spinacia oleracea,2
Spectrometry,2
Soybeans*,2
Sodium-Independent/genetics,2
Sodium-Independent/biosynthesis,2
Sodium Bicarbonate/therapeutic use*,2
Sodium Bicarbonate/chemistry*,2
Sodium Bicarbonate/administration & dosage,2
Smoking/metabolism,2
Skeletal/metabolism,2
Simvastatin/analogs & derivatives*,2
Sesquiterpenes/pharmacokinetics*,2
Sesquiterpenes/blood,2
Serotonin Syndrome/psychology,2
Serotonin Receptor Agonists/adverse effects*,2
Serenoa,2
Second-Generation/therapeutic use,2
Second-Generation/pharmacokinetics,2
Second-Generation/adverse effects*,2
Schizophrenia/blood*,2
Sarcoidosis,2
Saquinavir/pharmacokinetics*,2
Rosuvastatin Calcium,2
Risk Assessment,2
Rifampin/urine,2
Rifampin/pharmacokinetics,2
Rifampin/administration & dosage,2
Rhinitis,2
Rhabdomyolysis/etiology*,2
Rhabdomyolysis/enzymology,2
Reverse Transcriptase Polymerase Chain Reaction,2
Retrospective Studies,2
Retinoids*,2
Respiratory Tract Infections/drug therapy,2
Renal Insufficiency*,2
Reducing*,2
Reaction Time/drug effects*,2
Radionuclide Imaging,2
Rabbits,2
Quinolines/pharmacology*,2
Quinine/pharmacology*,2
Quinine*,2
Quinidine/pharmacokinetics*,2
Pyrimidines/therapeutic use,2
Punicaceae/adverse effects*,2
Pulmonary/complications*,2
Psychomotor Performance/physiology,2
Prothrombin Time*,2
Protein Binding/drug effects,2
Propranolol/metabolism*,2
Propanolamines/pharmacokinetics*,2
Pregnancy Complications/diagnosis*,2
Prednisolone/analogs & derivatives*,2
Postoperative Complications*,2
Polychlorinated Biphenyls/poisoning*,2
Polychlorinated Biphenyls/metabolism,2
Polychlorinated Biphenyls/chemistry,2
Pneumonia,2
Platelet Aggregation/drug effects,2
Platelet Aggregation Inhibitors/therapeutic use,2
Plantago/metabolism*,2
Plant Roots/chemistry,2
Plant Extracts/pharmacokinetics*,2
Plant Extracts/isolation & purification,2
Plant Extracts*,2
Phytotherapy/adverse effects,2
Phenytoin/therapeutic use,2
Phenytoin/analysis*,2
Phenytoin/administration & dosage*,2
Phenylpropionates/pharmacokinetics*,2
Phenylpropanolamine/administration & dosage,2
Phenanthrolines/therapeutic use,2
Phenanthrolines/adverse effects*,2
Pharyngitis/physiopathology,2
Pharyngitis/drug therapy*,2
Pharyngitis/complications,2
Pharmaceutical Solutions,2
Perfusion,2
Parenteral Nutrition,2
Parenteral,2
Panax/adverse effects*,2
Pain/physiopathology,2
Pain/etiology,2
Pain/drug therapy*,2
Oxygen,2
Oxprenolol/administration & dosage,2
Oximes/pharmacology,2
Oximes/metabolism*,2
Oxidoreductases/metabolism,2
Oxidoreductases/antagonists & inhibitors,2
Oxidoreductases*,2
Oxazolidinones/blood*,2
Oxazines/pharmacology,2
Osmolar Concentration,2
Organic Anion Transporters/metabolism*,2
Organic Anion Transporters/genetics,2
Organic Anion Transporters/biosynthesis,2
Oral/adverse effects*,2
Opioid/administration & dosage*,2
Omeprazole/pharmacology*,2
Omeprazole/pharmacokinetics,2
Omeprazole/metabolism*,2
Omeprazole/analogs & derivatives*,2
Ointments,2
Ofloxacin/urine,2
Ofloxacin/administration & dosage,2
Nutritional Status,2
Norepinephrine/blood,2
Non-Steroidal/adverse effects*,2
Non-Steroidal/administration & dosage,2
Non-Narcotic/therapeutic use*,2
Non-Narcotic/pharmacokinetics,2
Non-Narcotic/chemistry*,2
Non-Narcotic/adverse effects*,2
Non-Narcotic/adverse effects,2
Nitriles/metabolism,2
Nisoldipine/pharmacokinetics*,2
Nisoldipine/blood,2
Nifedipine/blood,2
Nifedipine/administration & dosage,2
Nephritis,2
Nausea/chemically induced,2
Naphthyridines/pharmacology,2
Naphthyridines/administration & dosage,2
Naphthoquinones/blood,2
Naphthoquinones*,2
NADP,2
N-Demethylating/metabolism,2
Mushroom Poisoning/etiology*,2
Multivariate Analysis,2
Monoamine Oxidase Inhibitors/pharmacology,2
Monoamine Oxidase Inhibitors/pharmacokinetics,2
Mixed Function Oxygenases/physiology,2
Mixed Function Oxygenases/blood,2
Milk Thistle*,2
Migraine Disorders/drug therapy*,2
Microdialysis,2
Methysergide/therapeutic use,2
Methysergide/adverse effects*,2
Methylation,2
Methoxsalen/pharmacology,2
Methoxsalen/analogs & derivatives*,2
Metabolic,2
Messenger/genetics,2
Messenger/biosynthesis,2
Mental Processes/drug effects*,2
Mental Processes/drug effects,2
Memory/drug effects,2
Member 1/metabolism,2
Member 1/drug effects,2
Medicinal,2
Meat,2
Matricaria/adverse effects*,2
Magnoliopsida*,2
Lower Extremity/blood supply*,2
Lovastatin/blood*,2
Lorazepam/pharmacology,2
Logistic Models,2
Liver/drug effects*,2
Lithium/therapeutic use,2
Lithium/adverse effects*,2
Liquid/methods*,2
Levofloxacin*,2
Leg/blood supply*,2
Leg/blood supply,2
Kidney Transplantation/immunology,2
Kidney Diseases/metabolism,2
Kidney Diseases/drug therapy,2
Kidney Diseases/chemically induced*,2
Ketoprofen/administration & dosage,2
Ketoconazole/pharmacology,2
Ketoconazole/pharmacokinetics*,2
Ketoconazole/analogs & derivatives*,2
Ketoconazole/administration & dosage,2
Kava*,2
Kampo,2
Itraconazole/pharmacology*,2
Itraconazole,2
Isoenzymes/metabolism,2
Iron/pharmacology*,2
Intravenous/adverse effects*,2
Intravenous*,2
Intestines/metabolism*,2
Intestinal Mucosa/drug effects,2
Intestinal Absorption/physiology*,2
Intestinal Absorption/physiology,2
Interstitial/etiology*,2
Inactivation,2
Immunoassay,2
Hypoprothrombinemias/chemically induced*,2
Hypoglycemic Agents/therapeutic use*,2
Hypnotics and Sedatives/metabolism,2
Hypnotics and Sedatives/administration & dosage,2
Hypertension/prevention & control*,2
Hypertension/etiology*,2
Hyperlipoproteinemia Type II/diet therapy,2
Hypericum/therapeutic use*,2
Hypericum,2
Hypercalcemia/etiology*,2
Hypercalcemia/diagnosis*,2
Hypercalcemia/chemically induced,2
Hydroxymethylglutaryl-CoA Reductase Inhibitors/therapeutic use,2
Hydroxymethylglutaryl-CoA Reductase Inhibitors/administration & dosage,2
Hydroxylamines/pharmacology,2
Hydroxylamine,2
Hydrocortisone/urine,2
Hydrocortisone/blood,2
Hydrastis*,2
Hydralazine/pharmacokinetics*,2
Hydralazine/metabolism*,2
Hormonal/pharmacology*,2
Hormonal/adverse effects*,2
HIV Protease Inhibitors/therapeutic use,2
HIV Protease Inhibitors/pharmacokinetics,2
HIV Infections/complications,2
Histamine H1 Antagonists/pharmacokinetics,2
Histamine H1 Antagonists/blood,2
High Pressure Liquid/methods,2
Herbal Medicine*,2
Heparin/adverse effects*,2
Heparin Antagonists*,2
Hemostatics/administration & dosage,2
Heart/diagnostic imaging*,2
Heart Rate/drug effects*,2
Headache*,2
Haplotypes/genetics,2
Glycyrrhizic Acid,2
Glycyrrhetinic Acid/pharmacology,2
Glycyrrhetinic Acid/analogs & derivatives*,2
Glutamine/isolation & purification,2
Glutamine/analogs & derivatives*,2
Gastrointestinal/adverse effects*,2
Gastrointestinal*,2
Gastroesophageal Reflux/drug therapy,2
Gastric Emptying/drug effects,2
Gastric Acid/secretion*,2
Garlic/adverse effects*,2
gamma-Aminobutyric Acid*,2
Fortified/adverse effects,2
Formulated/analysis*,2
Foodborne Diseases/etiology*,2
Foodborne Diseases*,2
Food/adverse effects*,2
Food Microbiology*,2
Fluoxetine/therapeutic use,2
Fluoxetine/pharmacokinetics,2
Fluorobenzenes/therapeutic use,2
Fluorescence Polarization Immunoassay,2
Fluconazole/pharmacology*,2
Fluconazole/blood,2
Fleroxacin/pharmacokinetics*,2
Fleroxacin/blood,2
Flavonoids/pharmacokinetics,2
Flavonoids/blood,2
Flavonoids/analysis,2
Fishes,2
Ferrous Compounds/pharmacology*,2
Fentanyl/blood,2
Fentanyl/analogs & derivatives*,2
Fentanyl/administration & dosage,2
Felodipine/pharmacology*,2
Felodipine/metabolism,2
Felodipine/analogs & derivatives*,2
Felodipine/administration & dosage,2
Feeding Behavior*,2
Fatty Acids,2
Fatigue/chemically induced,2
Fasting/physiology*,2
Fasting/physiology,2
False Positive Reactions,2
False Negative Reactions,2
Extracellular Fluid/metabolism,2
Excipients/chemistry*,2
Evaluation Studies as Topic,2
Ethinyl Estradiol/administration & dosage,2
Ethanol/pharmacokinetics*,2
Ethanol/metabolism*,2
Estradiol/pharmacology*,2
Estradiol/administration & dosage,2
Erythromycin/therapeutic use,2
Erythromycin/pharmacology*,2
Erythromycin/pharmacokinetics,2
Ergotamines/therapeutic use,2
Ergotamines/adverse effects*,2
Ergotamine/poisoning*,2
Epilepsy,2
Ephedrine/adverse effects*,2
Enzyme Inhibitors/pharmacokinetics*,2
Enzyme Induction/drug effects,2
Enzyme Activation/drug effects,2
Environmental Pollutants/poisoning,2
Environmental Pollutants/metabolism,2
Environmental Pollutants/chemistry,2
Enalapril/analogs & derivatives*,2
Eleutherococcus/chemistry*,2
Electrophoresis,2
Electrocardiography/drug effects*,2
Dyskinesia,2
Duodenum/metabolism,2
Drug Therapy*,2
Drug Monitoring*,2
Drug Evaluation,2
Drug Combinations/adverse effects,2
Dried/adverse effects*,2
Doxycycline/blood,2
Disulfiram/pharmacology*,2
Disulfiram*,2
Dipyridamole/adverse effects*,2
Diltiazem/pharmacology,2
Dihydroergotamine/blood,2
Digoxin/therapeutic use*,2
Digoxin/antagonists & inhibitors,2
Digoxin/administration & dosage,2
Dietary Supplements/analysis*,2
Dietary Supplements*/adverse effects,2
Dietary Proteins*,2
Dietary Fiber/adverse effects*,2
Dietary Fiber/administration & dosage,2
Dietary Fiber*,2
Dietary Fats/pharmacokinetics,2
Dietary Fats/administration & dosage*,2
Diet/adverse effects*,2
Diazepam/pharmacology*,2
Diazepam/pharmacology,2
Diazepam/administration & dosage,2
Depression/drug therapy*,2
Dairy Products*,2
Cytochrome P-450 Enzyme System/drug effects*,2
Cytochrome P-450 Enzyme System/drug effects,2
Cytochrome P-450 Enzyme System/biosynthesis,2
Cytochrome P-450 CYP2D6 Inhibitors,2
Cytochrome P-450 CYP1A2/physiology*,2
Cytochrome P-450 CYP1A2/genetics,2
Cytochrome P-450 CYP1A2 Inhibitors,2
Cyclosporine/pharmacology*,2
Cyclohexanecarboxylic Acids*,2
Critical Illness,2
Critical Care,2
Creatine Kinase/blood,2
Coronary Disease/diagnostic imaging,2
Coprinus,2
Cognition/drug effects,2
Coffee,2
Clozapine/therapeutic use,2
Clozapine/adverse effects*,2
Clozapine/administration & dosage,2
Clarithromycin/pharmacology,2
Clarithromycin/pharmacokinetics,2
Clarithromycin/adverse effects*,2
Clarithromycin/administration & dosage,2
Citrus/adverse effects*,2
Citrus sinensis/chemistry*,2
Citrus paradisi/metabolism*,2
Citrus paradisi/chemistry*,2
Citrates/adverse effects*,2
Ciprofloxacin/urine,2
Cimicifuga*,2
Chinese Herbal/pharmacokinetics,2
Chinese Herbal/administration & dosage,2
Chemical Phenomena,2
Cheese/adverse effects*,2
Cerebral Hemorrhage/chemically induced*,2
Cephalosporins/pharmacokinetics*,2
Cephalosporins/administration & dosage,2
Central Nervous System Stimulants/metabolism,2
Central Nervous System Stimulants/adverse effects*,2
Central Nervous System Depressants/pharmacology*,2
Central Nervous System Depressants/pharmacokinetics*,2
Celiprolol/urine,2
Celiprolol/pharmacokinetics*,2
Celiprolol/blood,2
Cardiotonic Agents/therapeutic use*,2
Cardiotonic Agents/pharmacokinetics,2
Cardiac Glycosides/therapeutic use*,2
Carbonated Beverages*,2
Carbamazepine/pharmacology*,2
Captopril/urine,2
Captopril/therapeutic use,2
Captopril/pharmacology*,2
Captopril/metabolism*,2
Calcium/adverse effects,2
Calcium Channel Blockers/pharmacokinetics,2
Calcium Channel Blockers/administration & dosage,2
Caffeine/urine,2
Caffeine/therapeutic use,2
Caffeine/blood*,2
Caffeine/administration & dosage*,2
Blood Proteins/analysis*,2
Blood Glucose/metabolism*,2
Blood Glucose/metabolism,2
Blood Glucose/analysis,2
Blood Coagulation/physiology*,2
Blood Coagulation*,2
Blood Coagulation Disorders/drug therapy*,2
Blood Coagulation Disorders/chemically induced*,2
Blood Coagulation Disorders/blood,2
Bipolar Disorder/drug therapy,2
Bipolar Disorder/chemically induced*,2
Biometry,2
Bicarbonates/pharmacology,2
Beverages/analysis*,2
Beverages/analysis,2
beta-Cyclodextrins*,2
Benzodiazepines/metabolism,2
Benzodiazepines/blood,2
Benzamides/therapeutic use*,2
Benzamides/pharmacology*,2
Benzamides/adverse effects*,2
Beer*,2
Azithromycin,2
Automation*,2
Atherosclerosis,2
Atenolol/blood,2
Aryl Hydrocarbon Hydroxylases/genetics*,2
Aryl Hydrocarbon Hydroxylases/blood,2
Arteriosclerosis Obliterans/physiopathology*,2
Arteriosclerosis Obliterans/drug therapy*,2
Artemisinins/pharmacology*,2
Arrhythmias,2
Aorta,2
Antiviral Agents/administration & dosage,2
Antitubercular Agents/pharmacokinetics*,2
Antitubercular Agents/adverse effects*,2
Antipsychotic Agents/adverse effects*,2
Antipsychotic Agents*,2
Antioxidants/therapeutic use*,2
Antinematodal Agents/pharmacology*,2
Antimalarials/urine,2
Antimalarials/pharmacology*,2
Antimalarials/blood,2
Antimalarials/administration & dosage,2
Antihypertensive Agents/therapeutic use,2
Antihypertensive Agents/pharmacology,2
Antihypertensive Agents/pharmacokinetics*,2
Antifungal Agents/pharmacology*,2
Antifibrinolytic Agents*,2
Antidepressive Agents/therapeutic use*,2
Antidepressive Agents/therapeutic use,2
Antidepressive Agents/pharmacology*,2
Antidepressive Agents/adverse effects,2
Antidepressive Agents/administration & dosage,2
Anticonvulsants/blood,2
Anticholesteremic Agents/pharmacology*,2
Anticholesteremic Agents/blood*,2
Anti-Inflammatory Agents/metabolism*,2
Anti-Infective Agents/administration & dosage*,2
Anti-HIV Agents/adverse effects*,2
Anti-Bacterial Agents/pharmacology*,2
Anti-Bacterial Agents/metabolism,2
Anti-Bacterial Agents/blood*,2
Anti-Bacterial Agents/blood,2
Anti-Asthmatic Agents/pharmacokinetics*,2
Anti-Arrhythmia Agents/urine,2
Antacids/pharmacokinetics*,2
Antacids/metabolism,2
Antacids/adverse effects,2
Angiography,2
Anesthetics,2
Anemia,2
Analgesics/pharmacology*,2
Analgesia/methods*,2
Ampicillin/metabolism,2
Amphotericin B/adverse effects*,2
Amoxicillin/urine,2
Amoxicillin/blood,2
Amoxicillin-Potassium Clavulanate Combination,2
Aminosalicylic Acid/pharmacology,2
Aminophylline/therapeutic use*,2
Amines*,2
Aluminum/poisoning*,2
Aluminum Hydroxide/pharmacokinetics*,2
Alprazolam/pharmacology*,2
Alprazolam/blood,2
Algorithms,2
Aldehyde Dehydrogenase/antagonists & inhibitors*,2
Alcohols*,2
Alcoholic Beverages/adverse effects*,2
Alcohol Drinking/metabolism*,2
Alcohol Drinking/adverse effects*,2
Alcohol Drinking,2
Agaricales/pathogenicity*,2
Agaricales*,2
Adverse Drug Reaction Reporting Systems,2
Adrenergic beta-Antagonists/blood*,2
Adipose Tissue/metabolism,2
Acute Kidney Injury/etiology*,2
Acetylation,2
Acetates/pharmacokinetics*,2
Acetaminophen/urine,2
Acetaminophen/therapeutic use*,2
Acetaminophen/metabolism,2
Acetaminophen/chemistry*,2
Acetaminophen/analogs & derivatives,2
Acetamides/blood*,2
Acebutolol/urine,2
Acebutolol/blood*,2
Acebutolol/analogs & derivatives,2
2-Pyridinylmethylsulfinylbenzimidazoles,2
2-Hydroxypropyl-beta-cyclodextrin,2
Ziziphus/adverse effects*,1
Zingiberales,1
Zea mays,1
Yogurt*,1
Yogurt,1
Xanthines/urine,1
X-Ray Computed,1
Wounds,1
Wisconsin,1
Wine/analysis,1
Weight Loss/drug effects*,1
Weight Loss,1
Water/pharmacology,1
Water/chemistry,1
Warfarin/urine,1
Warfarin/metabolism,1
Warfarin/analogs & derivatives*,1
Warfarin*/therapeutic use,1
Wakefulness/drug effects,1
Voriconazole,1
Vomiting/chemically induced,1
Vitamins/adverse effects*,1
Vitamin K/pharmacokinetics*,1
Vitamin K/pharmacokinetics,1
Vitamin K/metabolism,1
Vitamin K/analogs & derivatives,1
Vitamin K*/therapeutic use,1
Vitamin K*/physiology,1
Vitamin K*/administration & dosage,1
Vitamin K Deficiency/complications,1
Vitamin K Deficiency*/physiopathology,1
Vitamin K Deficiency*/metabolism,1
Vitamin K Deficiency*/blood,1
Vitamin K 2/analogs & derivatives,1
Vitamin K 1/pharmacology,1
Vitamin K 1/pharmacokinetics*,1
Vitamin K 1/pharmacokinetics,1
Vitamin K 1/blood,1
Vitamin K 1/adverse effects*,1
Vitamin K 1/administration & dosage,1
Vitamin E/adverse effects*,1
Visual/drug effects,1
Viscosity,1
Violence/legislation & jurisprudence,1
Verapamil/urine,1
Verapamil/adverse effects,1
Verapamil/administration & dosage,1
Venous Thrombosis/drug therapy*,1
Vegetarian*,1
Vegetarian,1
Vegetables/chemistry,1
Vegetables/adverse effects*,1
Vasodilator Agents/pharmacology,1
Vasodilator Agents/pharmacokinetics*,1
Vasodilator Agents/metabolism,1
Vasodilator Agents/blood,1
Vasodilator Agents/administration & dosage,1
Vasoconstrictor Agents/pharmacology*,1
Vasoconstrictor Agents/pharmacology,1
Vascular/physiology,1
Vascular/drug effects,1
Valproic Acid/poisoning,1
Valproic Acid/pharmacokinetics*,1
Valerian/therapeutic use*,1
Valerian/metabolism,1
Valerian/chemistry*,1
Vaginal Diseases/chemically induced*,1
Uterine Hemorrhage/chemically induced*,1
Uterine Cervicitis/drug therapy,1
Urodynamics/drug effects,1
Urine,1
Urethritis/drug therapy,1
Uremia/therapy*,1
Urea/pharmacology,1
Urea/blood,1
Up-Regulation,1
United States Food and Drug Administration,1
Tyramine/therapeutic use*,1
Tyramine/pharmacokinetics*,1
Tyramine/administration & dosage*,1
Tyramine*,1
Type 2/blood,1
Tuberculosis/drug therapy,1
Tuberculosis*/drug therapy,1
Tromethamine/toxicity,1
Tromethamine/pharmacology,1
Tromethamine/analogs & derivatives*,1
Troleandomycin/pharmacology,1
Troleandomycin/adverse effects,1
Trimethoprim,1
Trigonella,1
Trifluoperazine/therapeutic use,1
Trifluoperazine/pharmacology*,1
Tricyclic/therapeutic use,1
Tricyclic/blood*,1
Tricyclic*,1
Triazoles/pharmacokinetics*,1
Triazoles/adverse effects,1
Triazoles/administration & dosage,1
Triazolam/pharmacology,1
Triazolam/antagonists & inhibitors*,1
Triazolam/administration & dosage,1
Trees,1
Tranylcypromine/therapeutic use*,1
Tranylcypromine/therapeutic use,1
Tranquilizing Agents/toxicity*,1
Tranquilizing Agents/pharmacology,1
Toxic,1
Tonic-Clonic/metabolism,1
Tonic-Clonic/drug therapy,1
Tongue/blood supply*,1
Tolbutamide/blood,1
Tolbutamide/administration & dosage,1
Tissue Distribution/drug effects,1
Ticlopidine/pharmacology*,1
Ticlopidine/blood,1
Thyroxine/pharmacokinetics*,1
Thyroxine/blood,1
Thrombosis/prevention & control*,1
Thrombosis/etiology,1
Thromboembolism/prevention & control*,1
Thromboembolism/prevention & control,1
Thromboembolism/drug therapy*,1
Thrombocytopenia/drug therapy,1
Thoracic/metabolism,1
Thoracic/drug effects,1
Thinking/drug effects,1
Thiazoles/pharmacokinetics*,1
Thiazoles/blood,1
Thiazines/pharmacokinetics*,1
Thiazines/metabolism*,1
Thiazines/adverse effects,1
Theophylline/toxicity*,1
Theophylline/therapeutic use,1
Theophylline/pharmacology,1
Theophylline/administration & dosage*,1
Theobromine/toxicity*,1
Thallium*,1
Thallium Radioisotopes*,1
Thallium Radioisotopes,1
Tetrazoles/metabolism,1
Tetrazoles/blood,1
Tetrazoles/administration & dosage,1
Tetrahydroisoquinolines*,1
Tetracyclines/blood*,1
Tetracyclines*,1
Tetracycline/urine,1
Tetracycline/blood*,1
Tetracycline/administration & dosage,1
Tetracycline*,1
Terpenes/analysis*,1
Terminology as Topic,1
Terfenadine/pharmacology*,1
Terfenadine/antagonists & inhibitors,1
Terfenadine/adverse effects*,1
Terfenadine/administration & dosage,1
Temperature,1
Temperament/drug effects,1
Tears/metabolism,1
Tea/metabolism,1
Tea,1
Tartrates,1
Tannins*,1
Tabernaemontana,1
Systole/physiology,1
Syndrome*,1
Symporters,1
Sympathetic Nervous System/drug effects,1
Swine Diseases/prevention & control,1
Sweden,1
Surveys and Questionnaires*,1
Surgical*,1
Surgical Procedures,1
Sumatriptan/therapeutic use,1
Sumatriptan/adverse effects,1
Sumatriptan/administration & dosage,1
Sulfoxides/metabolism,1
Sulfoxides/blood,1
Sulfonamides/pharmacokinetics*,1
Sulfonamides/metabolism,1
Sulfonamides/administration & dosage,1
Sulfinic Acids/metabolism,1
Sulfides/pharmacology,1
Sulfamethoxazole Drug Combination/pharmacokinetics,1
Sulfamethazine/adverse effects,1
Sulfamethazine/administration & dosage,1
Sudan,1
Substance-Related Disorders/rehabilitation*,1
Substance-Related Disorders/drug therapy,1
Substance-Related Disorders/blood,1
Substance-Induced/etiology,1
Substance Withdrawal Syndrome/metabolism*,1
Substance Withdrawal Syndrome/blood*,1
Substance Abuse Detection*,1
Substance Abuse Detection,1
Sublingual,1
Subdural/pathology,1
Subdural/etiology*,1
Subdural/chemically induced*,1
Subarachnoid Hemorrhage/chemically induced*,1
Subarachnoid Hemorrhage/chemically induced,1
Sub-Family B/metabolism,1
Stomach/metabolism,1
Stomach/drug effects*,1
Steroid Hydroxylases/metabolism,1
Steroid Hydroxylases/drug effects,1
Staphylococcus aureus/isolation & purification*,1
Staphylococcal Food Poisoning/prevention & control,1
Sri Lanka,1
Sports,1
Spontaneous,1
Splanchnic Circulation,1
Spironolactone/pharmacology,1
Spinal,1
Spinacia oleracea/chemistry,1
Soybeans/chemistry*,1
Soybeans/analysis,1
Soybeans/adverse effects*,1
Soybeans,1
Soybean Proteins/pharmacology*,1
Soybean Proteins/administration & dosage*,1
South Africa,1
Solvents,1
Solutions/adverse effects*,1
Sodium/urine,1
Sodium/pharmacology*,1
Sodium/deficiency*,1
Sodium/blood*,1
Sodium/blood,1
Sodium-Restricted/adverse effects,1
Sodium-Potassium-Exchanging ATPase/metabolism,1
Sodium-Potassium-Exchanging ATPase/antagonists & inhibitors,1
Sodium-Dependent,1
Sodium Glutamate/pharmacology*,1
Sodium Glutamate/pharmacology,1
Sodium Glutamate/adverse effects*,1
Sodium Chloride/therapeutic use*,1
Social Environment*,1
Social Class,1
Smooth,1
Smoking/blood*,1
Smoking,1
Small/metabolism,1
Small/drug effects*,1
Small/drug effects,1
Sleep/physiology,1
Sleep/drug effects*,1
Sleep Stages/drug effects,1
Sleep Initiation and Maintenance Disorders/chemically induced*,1
Sleep Deprivation/therapy,1
Skin Diseases/etiology,1
Skin Diseases,1
Sinusitis/drug therapy,1
Sincalide/pharmacology,1
Sincalide/administration & dosage,1
Simvastatin/metabolism,1
Simvastatin/blood*,1
Simvastatin/blood,1
Simvastatin/adverse effects*,1
Simvastatin/administration & dosage,1
Sildenafil Citrate,1
Short Bowel Syndrome/therapy,1
Shock/chemically induced*,1
Sex Characteristics,1
Severity of Illness Index,1
Set (Psychology),1
Sesquiterpenes/therapeutic use,1
Sesquiterpenes/metabolism,1
Sesquiterpenes/administration & dosage,1
Serum Albumin/analysis,1
Serotonin/metabolism,1
Serotonin/adverse effects*,1
Serotonin/administration & dosage,1
Serotonin Uptake Inhibitors/therapeutic use,1
Serotonin Uptake Inhibitors/pharmacology*,1
Serotonin Uptake Inhibitors/pharmacokinetics,1
Serotonin Uptake Inhibitors/adverse effects,1
Serotonin Syndrome/etiology*,1
Serotonin Receptor Agonists/therapeutic use,1
Serotonin Receptor Agonists/blood*,1
Serotonin Receptor Agonists/administration & dosage,1
Self-Assessment,1
Self Medication/adverse effects,1
Self Care/methods,1
Self Administration,1
Seizures/etiology,1
Seizures/chemically induced,1
Second-Generation/pharmacology*,1
Seaweed/chemistry*,1
Seafood*,1
Schizophrenic Psychology*,1
Schizophrenic Psychology,1
Schizophrenia/drug therapy,1
Schizophrenia/blood,1
Saquinavir/pharmacokinetics,1
Saquinavir/metabolism*,1
Saquinavir/blood,1
Saquinavir/adverse effects,1
Sample Size,1
Salvia,1
Saliva/metabolism,1
Saliva/chemistry*,1
Saliva/analysis,1
Rupture,1
Running,1
Ritonavir/therapeutic use*,1
Ritonavir/therapeutic use,1
Ritonavir/pharmacokinetics*,1
Risk,1
Rifampin/metabolism,1
Rheumatoid/drug therapy,1
Rhabdomyolysis/chemically induced*,1
Reverse Transcriptase Inhibitors/blood*,1
Respiratory Distress Syndrome,1
Respiration,1
Research Design,1
Renin/blood,1
Renin-Angiotensin System/drug effects,1
Renal Dialysis/adverse effects*,1
Renal Dialysis,1
Reinforcement (Psychology)*,1
Reflex/drug effects,1
Reducing/adverse effects*,1
Reaction Time/physiology,1
Reaction Time,1
Ranitidine/pharmacology,1
Randomized Controlled Trials as Topic,1
Radiation-Sensitizing Agents/pharmacology*,1
Radiation-Sensitizing Agents/pharmacology,1
Quinolones/pharmacology*,1
Quinolones/pharmacokinetics*,1
Quinolones/blood,1
Quinolines/blood,1
Quinolines/administration & dosage,1
Quinolines*,1
Quinine/urine,1
Quinine/pharmacokinetics*,1
Quinine/blood,1
Quinidine/urine,1
Quinidine/pharmacology*,1
Quinidine/metabolism,1
Quinidine/blood,1
Quinidine/analysis,1
Quinidine/analogs & derivatives,1
Quercetin/pharmacology*,1
Quercetin/administration & dosage,1
Quality of Life,1
Quality Control,1
Pyrroles/blood*,1
Pyrimidines/pharmacokinetics*,1
Pyrimidines/metabolism,1
Pyrimidines/adverse effects,1
Pyrimidines/administration & dosage,1
Pyridines/therapeutic use,1
Pyridines/pharmacology*,1
Pyridines/pharmacokinetics*,1
Pyridines/metabolism*,1
Pyridines/metabolism,1
Pyridines/blood,1
Pyridines/adverse effects,1
Pyridazines/urine,1
Pyridazines/pharmacology,1
Pyridazines/pharmacokinetics*,1
Pyridazines/blood,1
Pyrazoles/pharmacokinetics*,1
Pyrazoles/metabolism,1
Pyrazoles/administration & dosage,1
PUVA Therapy/adverse effects*,1
PUVA Therapy*,1
Purines,1
Pupil/drug effects,1
Punicaceae*,1
Pulse/drug effects,1
Pulse,1
Pulmonary/drug therapy*,1
Pueraria,1
Psyllium/therapeutic use*,1
Psychotic Disorders/drug therapy*,1
Psychotic Disorders/blood,1
Psychomotor Performance,1
Psychological Tests,1
Psoriasis/drug therapy*,1
Proton Pump Inhibitors,1
Prothrombin/analysis,1
Prostatic Neoplasms/drug therapy,1
Prostatectomy*,1
Prostaglandins E/pharmacology*,1
Propranolol/pharmacology,1
Propranolol/blood*,1
Propranolol/blood,1
Propranolol/administration & dosage,1
Propofol*,1
Propantheline/pharmacology,1
Propanolamines/urine,1
Propanolamines/metabolism*,1
Propanolamines/blood*,1
Propanolamines/blood,1
Proguanil/pharmacology*,1
Proguanil/adverse effects,1
Proguanil/administration & dosage,1
Probiotics/therapeutic use*,1
Probenecid/pharmacology,1
Pressoreceptors/drug effects,1
Preoperative Care/methods*,1
Preoperative Care,1
Premenopause*,1
Pregnancy/blood,1
Pregnancy Complications/chemically induced*,1
Pregnancy Complications,1
Prednisone/pharmacokinetics*,1
Prednisolone/blood,1
Prednisolone/administration & dosage,1
Praziquantel/pharmacokinetics*,1
Praziquantel/pharmacokinetics,1
Praziquantel/blood,1
Praziquantel/administration & dosage*,1
Pravastatin/blood*,1
Practice Guidelines as Topic*,1
Powders,1
Povidone,1
Poultry*,1
Poultry,1
Potassium/urine,1
Potassium/blood,1
Posture,1
Postprandial Period*,1
Postoperative/drug therapy*,1
Postoperative Period*,1
Postoperative Hemorrhage/etiology*,1
Postoperative Hemorrhage/etiology,1
Postoperative Hemorrhage/chemically induced*,1
Postoperative Care,1
Polyurethanes*,1
Polymorphism,1
Polyethylene Glycols/pharmacology*,1
Polyacrylamide Gel,1
Poisoning/therapy,1
Pneumonia/metabolism,1
Pneumonia/drug therapy,1
Pneumonia/complications,1
Pneumocystis/prevention & control,1
Platelet Aggregation/drug effects*,1
Platelet Aggregation Inhibitors/pharmacology*,1
Platelet Aggregation Inhibitors/blood,1
Platelet Aggregation Inhibitors/analysis*,1
Platelet Aggregation Inhibitors/adverse effects*,1
Plasmodium falciparum/isolation & purification,1
Plants/chemistry,1
Plantago/chemistry*,1
Plantago/adverse effects,1
Plant Roots/anatomy & histology,1
Plant Preparations/therapeutic use*,1
Plant Preparations/therapeutic use,1
Plant Preparations/pharmacology,1
Plant Preparations/pharmacokinetics,1
Plant Preparations*/therapeutic use,1
Plant Preparations*/pharmacology,1
Plant Preparations*/adverse effects,1
Plant Preparations,1
Plant Poisoning/complications*,1
Plant Oils,1
Plant Gums,1
Plant Extracts/immunology,1
Plant Extracts/chemistry*,1
Plant Extracts/analysis,1
Pivampicillin/metabolism*,1
Piroxicam/pharmacokinetics*,1
Piroxicam/pharmacokinetics,1
Piroxicam/blood,1
Piroxicam/analogs & derivatives*,1
Piperidines/pharmacology*,1
Piperazines/pharmacokinetics*,1
Piperazines/metabolism*,1
Piperazines/blood,1
Piperazines/antagonists & inhibitors*,1
Piperazines/adverse effects,1
Pipemidic Acid/pharmacology,1
Pindolol/metabolism*,1
Phytotherapy/utilization*,1
Phytotherapy/methods*,1
Phytotherapy/methods,1
Physicians*,1
Physical Endurance/drug effects*,1
Phototoxic/pathology*,1
Photosensitizing Agents/adverse effects*,1
Photosensitivity Disorders/etiology*,1
Phosphodiesterase Inhibitors/pharmacokinetics*,1
Phosphodiesterase Inhibitors/adverse effects,1
Phobic Disorders/drug therapy*,1
Phloroglucinol/analogs & derivatives,1
Phenytoin/poisoning*,1
Phenytoin/pharmacokinetics,1
Phenytoin/metabolism,1
Phenytoin/analysis,1
Phenylpropanolamine/pharmacology*,1
Phenylpropanolamine/pharmacology,1
Phenylpropanolamine/pharmacokinetics*,1
Phenylpropanolamine/pharmacokinetics,1
Phenprocoumon/therapeutic use*,1
Phenprocoumon/pharmacology,1
Phenotype*,1
Phenothiazines,1
Phenethylamines/adverse effects,1
Phenelzine/adverse effects,1
Phenacetin/metabolism,1
Phenacetin/blood,1
Phase I as Topic,1
Pharmacology*,1
Pharmacogenetics*,1
Pharmacists,1
Pharmaceutical Preparations/metabolism*,1
Pharmaceutical Preparations*,1
Pharmaceutic Aids,1
Perylene/pharmacokinetics*,1
Perylene/blood,1
Perylene/analogs & derivatives*,1
Personality Inventory,1
Personality Disorders/drug therapy*,1
Peritonitis/metabolism,1
Peritonitis/drug therapy*,1
Peripheral Nervous System Diseases/diagnosis,1
Peripheral Nervous System Diseases/chemically induced*,1
Perindopril,1
Pericardium,1
Peptidyl-Dipeptidase A/blood,1
Peptides/metabolism*,1
Peptides/chemistry,1
Penicillins/metabolism*,1
Penicillins/metabolism,1
Penicillins/administration & dosage,1
Penicillin V/metabolism,1
Pefloxacin/pharmacology*,1
Pectins/pharmacology*,1
Pectins/pharmacology,1
Pectins/adverse effects*,1
Patients,1
Patient Selection,1
Patient Dropouts,1
Patient Compliance,1
Paroxetine/adverse effects*,1
Parkinson Disease/drug therapy,1
Pargyline/pharmacology,1
Pargyline/adverse effects*,1
Pargyline*,1
Papio,1
Papaver/chemistry*,1
Pancreatitis/etiology*,1
Pancreas Transplantation*,1
Panax/metabolism,1
Panax/immunology,1
Panax/chemistry*,1
Panax/chemistry,1
Panax/analysis*,1
Panax,1
Pakistan/ethnology,1
Pain Management,1
Pain,1
Oxytetracycline/pharmacology*,1
Oxytetracycline/metabolism,1
Oxygen Consumption/drug effects,1
Oxprenolol/metabolism*,1
Oxprenolol/blood*,1
Oximes*,1
Oxazolidinones/pharmacology*,1
Oxazolidinones/pharmacology,1
Oxazolidinones/pharmacokinetics,1
Oxazolidinones/blood,1
Oxazolidinones/administration & dosage*,1
Oxazolidinones*,1
Oxazoles/pharmacology*,1
Oxazoles/pharmacokinetics,1
Oxazoles/blood,1
Oxazines/urine,1
Oxazines/metabolism*,1
Oxazines/blood,1
Oxazepam/urine,1
Oxazepam/metabolism*,1
Oxazepam/blood,1
Oxazepam/analogs & derivatives,1
Ouabain/metabolism,1
Osteocalcin/blood,1
Osteoarthritis/therapy*,1
Osteoarthritis/drug therapy,1
Orthostatic/physiopathology,1
Orthostatic/metabolism*,1
Orthostatic/etiology*,1
Orthostatic/drug therapy,1
Orthostatic/diagnosis,1
Orthopedic Procedures*,1
Organic Anion Transporters/chemistry,1
Organic Anion Transporters/antagonists & inhibitors*,1
Oral/pharmacokinetics,1
Oral/administration & dosage,1
Opioid/urine*,1
Opioid/therapeutic use,1
Opioid/pharmacology*,1
Opioid/pharmacokinetics*,1
Opioid/blood,1
Opioid/analysis,1
Opioid/administration & dosage,1
Operative*,1
Omeprazole/urine,1
Omeprazole/metabolism,1
Omeprazole/analogs & derivatives,1
Omeprazole/administration & dosage,1
Omeprazole,1
Ofloxacin/pharmacology,1
Ofloxacin/analysis,1
Observation,1
Obesity/metabolism*,1
Obesity/drug therapy,1
Nutritive Value,1
Nutritional Requirements,1
Nutrition Policy*,1
Nutrition Policy,1
Nutrition Disorders/metabolism*,1
Nutrition Assessment*,1
Nutrition Assessment,1
Nortriptyline/metabolism*,1
Norpregnenes/pharmacology*,1
Norpregnenes/administration & dosage,1
Norfloxacin/pharmacology,1
Norfloxacin/pharmacokinetics*,1
Nonprescription Drugs/adverse effects*,1
Nonprescription Drugs,1
Non-Steroidal/chemistry,1
Non-Steroidal/blood,1
Non-Steroidal,1
Non-Narcotic/metabolism,1
Non-Narcotic/blood,1
Nitroprusside/therapeutic use,1
Nitroglycerin/therapeutic use,1
Nitroglycerin/pharmacology,1
Nitrogen Mustard Compounds/pharmacokinetics*,1
Nitric Oxide/physiology*,1
Nitric Oxide/metabolism,1
Nitrendipine/pharmacology,1
Nitrendipine/pharmacokinetics*,1
Nisoldipine/pharmacology*,1
Nisoldipine/pharmacology,1
Nisoldipine/pharmacokinetics,1
Nisoldipine/adverse effects,1
Nimodipine/pharmacokinetics*,1
Nimodipine/blood,1
Nimodipine/administration & dosage,1
Nigeria,1
Nifedipine/pharmacokinetics,1
Nifedipine/metabolism*,1
Nifedipine/administration & dosage*,1
Nicardipine/pharmacokinetics*,1
Nicardipine/chemistry,1
Nicardipine/blood,1
Newborn,1
New Caledonia/ethnology,1
Nevirapine/blood*,1
Neurocognitive Disorders/drug therapy,1
Neurocognitive Disorders/complications,1
Neuritis/etiology*,1
Neural Conduction,1
Netherlands,1
Nephrotic Syndrome/therapy*,1
Nephrotic Syndrome/complications,1
Neoplasms/surgery,1
Neoplasms/prevention & control,1
Neoplasms/drug therapy*,1
Neomycin/pharmacology*,1
Nelfinavir/therapeutic use*,1
Nebraska,1
Nausea/drug therapy*,1
Natriuresis/drug effects,1
Naproxen/therapeutic use,1
Naproxen/pharmacology*,1
Naproxen/pharmacokinetics,1
Naproxen/blood,1
Naproxen/adverse effects*,1
Naproxen/adverse effects,1
Naphthyridines/pharmacokinetics*,1
Naphthyridines/metabolism*,1
Naphthoquinones/adverse effects*,1
Naphthoquinones/adverse effects,1
Naloxone/metabolism,1
NADP/metabolism,1
N-Demethylating/biosynthesis*,1
N-Demethylating/antagonists & inhibitors*,1
Myocardial Infarction/etiology*,1
Myocardial Infarction/chemically induced,1
Mycobacterium tuberculosis,1
Mushroom Poisoning/therapy,1
Mushroom Poisoning/etiology,1
Mushroom Poisoning/complications*,1
Mushroom Poisoning,1
Muscle Relaxation/drug effects*,1
Muscle Relaxation/drug effects,1
Muscle Relaxants,1
Muscle Contraction/drug effects*,1
Muscarine/poisoning,1
Muscarine/isolation & purification,1
Multidrug-Resistant/drug therapy*,1
Movement Disorders/etiology*,1
Mouth Mucosa/metabolism,1
Motor Skills/drug effects,1
Morphine/urine*,1
Morphine/pharmacology*,1
Morphine/metabolism,1
Morphine/antagonists & inhibitors,1
Morphine/analysis,1
Morinda/adverse effects*,1
Monoclonal/pharmacology,1
Monoamine Oxidase Inhibitors/poisoning,1
Monoamine Oxidase Inhibitors/metabolism*,1
Monoamine Oxidase Inhibitors/blood,1
Monoamine Oxidase Inhibitors/antagonists & inhibitors,1
Monoamine Oxidase Inhibitors/administration & dosage*,1
Momordica charantia*,1
Moclobemide/pharmacology*,1
Moclobemide/pharmacology,1
Moclobemide/blood,1
Moclobemide/administration & dosage,1
Mixed Function Oxygenases/pharmacology,1
Mixed Function Oxygenases/immunology,1
Mixed Function Oxygenases/genetics*,1
Mixed Function Oxygenases/genetics,1
Mixed Function Oxygenases/drug effects*,1
Mixed Function Oxygenases/drug effects,1
Mixed Function Oxygenases/biosynthesis*,1
Mitral Valve Insufficiency/surgery,1
Miocamycin/pharmacology*,1
Minocycline/blood*,1
Minocycline/administration & dosage,1
Milk/physiology*,1
Milk/metabolism,1
Milk Thistle/chemistry*,1
Milk Hypersensitivity/etiology*,1
Migraine Disorders/prevention & control*,1
Midazolam/pharmacology*,1
Midazolam/pharmacology,1
Midazolam/pharmacokinetics*,1
Midazolam/metabolism,1
Midazolam/antagonists & inhibitors*,1
Midazolam/administration & dosage,1
Midazolam,1
Miconazole/metabolism,1
Mexico,1
Metrorrhagia/therapy,1
Metrorrhagia/etiology,1
Metronidazole/pharmacokinetics,1
Metronidazole/administration & dosage*,1
Metoprolol/blood*,1
Metoprolol/administration & dosage,1
Metoclopramide/pharmacology,1
Methysergide/administration & dosage,1
Methylprednisolone/pharmacology,1
Methylprednisolone/blood*,1
Methylene Chloride/chemistry,1
Methylation/drug effects,1
Methyl Ethers/adverse effects*,1
Methoxsalen/urine,1
Methoxsalen/blood,1
Methoxsalen/analysis,1
Methoxsalen/adverse effects*,1
Methadone/pharmacokinetics*,1
Methadone/blood,1
Methadone/administration & dosage*,1
Metals*,1
Metabolism/drug effects,1
Metabolic Clearance Rate/physiology,1
Messenger/analysis,1
Meperidine/administration & dosage*,1
Menthol/pharmacology*,1
Menthol/administration & dosage,1
Mental Disorders/drug therapy*,1
Mental Disorders/chemically induced*,1
Menstruation*/drug effects,1
Menstruation*,1
Menstruation,1
Menstrual Cycle/physiology,1
Menopause/metabolism*,1
Menopause,1
Memory/physiology,1
Memory/drug effects*,1
Membrane Transport Proteins*,1
Member 1/physiology*,1
Member 1/pharmacokinetics*,1
Member 1/biosynthesis*,1
Melatonin/pharmacokinetics*,1
Melatonin/blood*,1
Melatonin/administration & dosage,1
MEDLINE,1
Medicinal/therapeutic use*,1
Medicinal/chemistry,1
Medicinal/analysis*,1
Medical*,1
Medical Records*,1
Medicago/chemistry,1
Medicago sativa/adverse effects,1
Meat/analysis,1
Meat*,1
Meat Products/analysis,1
MDR/drug effects*,1
MDR,1
Maternal-Fetal Exchange*,1
Mastitis/drug therapy*,1
Mass,1
Mannans/pharmacology*,1
Malus,1
Malaria,1
Major/drug therapy*,1
Magnoliopsida/therapeutic use,1
Magnoliopsida/chemistry*,1
Magnoliopsida/adverse effects*,1
Magnetic Resonance Spectroscopy,1
Magnetic Resonance Imaging,1
Magnesium Hydroxide/pharmacology,1
Magnesium Hydroxide/pharmacokinetics*,1
Magnesium Hydroxide,1
Magnesium Chloride,1
Lysine/pharmacokinetics,1
Lysine/analogs & derivatives*,1
Lymph Node/drug therapy*,1
Lung Neoplasms/prevention & control,1
Lung Neoplasms/metabolism,1
Lung Diseases/blood,1
Low-Molecular-Weight*,1
Lovastatin/pharmacology*,1
Lovastatin/adverse effects*,1
Lovastatin/administration & dosage,1
Losartan/pharmacokinetics*,1
Lorazepam/pharmacology*,1
Lorazepam/antagonists & inhibitors*,1
Longitudinal Studies,1
Liver/pathology,1
Liver/blood supply,1
Liver/analysis,1
Liver Diseases/metabolism,1
Lithium/urine*,1
Lithium/pharmacokinetics*,1
Lithium/pharmacokinetics,1
Lithium/metabolism,1
Lithium/blood,1
Lithium/adverse effects,1
Lithium/administration & dosage,1
Lisinopril,1
Liquid,1
Lipid Peroxidation/drug effects,1
Linoleic Acids,1
Linear Models,1
Levonorgestrel/pharmacology*,1
Levofloxacin,1
Levodopa/pharmacokinetics*,1
Lethal Dose 50,1
Legislation,1
Leg/innervation,1
Learning/drug effects,1
LDL/blood,1
Lasalocid/pharmacology*,1
Laparoscopic*,1
Lansoprazole,1
Lanatosides/analysis*,1
Lanatosides/adverse effects,1
Lactones/adverse effects*,1
Lactates/blood,1
Labetalol/pharmacology,1
Labetalol/metabolism*,1
Labetalol/administration & dosage*,1
Labetalol/administration & dosage,1
Kidney/physiology*,1
Kidney/pathology,1
Kidney/drug effects*,1
Kidney/blood supply,1
Ketoprofen/toxicity,1
Ketoprofen/pharmacology,1
Ketoprofen/analogs & derivatives*,1
Ketoconazole/therapeutic use,1
Ketoconazole/pharmacokinetics,1
Ketoconazole/metabolism*,1
Ketoconazole/metabolism,1
Ketoconazole/blood,1
Ketoconazole/adverse effects,1
Ketoconazole,1
Kava/therapeutic use*,1
Kava/metabolism*,1
Kava/chemistry*,1
Kava/chemistry,1
Kaolin/metabolism,1
Jejunum/physiology,1
Jejunum/drug effects,1
Jejunostomy/instrumentation,1
Jejunostomy/adverse effects*,1
Jejunostomy*/methods,1
Itraconazole/analogs & derivatives*,1
Itraconazole/analogs & derivatives,1
Israel,1
Isothiocyanates/metabolism,1
Isoquinolines/pharmacokinetics*,1
Isoniazid/pharmacokinetics*,1
Isoniazid/metabolism*,1
Isometric Contraction/drug effects,1
Ischemia/etiology*,1
Ischemia/drug therapy,1
Ischemia/diagnostic imaging,1
Ischemia/diagnosis,1
Ischemia/chemically induced,1
Iron/metabolism,1
Iron/administration & dosage,1
Iron-Deficiency/drug therapy*,1
Iran,1
Iproniazid*,1
Ions*,1
Intravenous/pharmacology,1
Intravenous/administration & dosage*,1
Intracranial/diagnosis,1
Intracranial/chemically induced*,1
Intracranial Hemorrhages/chemically induced,1
Intestines/enzymology*,1
Intestinal Mucosa/metabolism*,1
Intestinal Mucosa/enzymology,1
Intestinal Mucosa/cytology,1
Intestinal Absorption*/drug effects,1
International Normalized Ratio/statistics & numerical data,1
International Normalized Ratio/adverse effects,1
Intermittent Claudication/chemically induced*,1
Insulin/blood,1
Inpatients,1
Inhalation/adverse effects*,1
Infectious/drug therapy,1
Infant Nutritional Physiological Phenomena*,1
Infant Food/adverse effects*,1
Indomethacin/blood*,1
Indomethacin/administration & dosage,1
Indoles/pharmacokinetics*,1
Indoles/administration & dosage,1
Indocyanine Green/metabolism,1
Individuality,1
Indinavir/pharmacology*,1
Indinavir/pharmacokinetics*,1
Indinavir/pharmacokinetics,1
Indinavir/blood*,1
Indinavir/blood,1
Indinavir/administration & dosage*,1
Indicators and Reagents,1
Inbred ICR,1
Immunosuppressive Agents/pharmacology*,1
Immunosuppressive Agents/adverse effects*,1
Immunoblotting/statistics & numerical data,1
Immunoblotting/methods*,1
Immunoassay/methods*,1
Immediate*,1
Imipramine*,1
Imidazoles/pharmacokinetics*,1
Imidazoles/metabolism*,1
Imidazoles/blood,1
Ibuprofen/chemistry,1
Ibuprofen/analogs & derivatives*,1
Ibuprofen/adverse effects*,1
Hypoxia-Ischemia,1
Hypotension/etiology,1
Hypoprothrombinemias/chemically induced,1
Hypolipidemic Agents/pharmacokinetics,1
Hypolipidemic Agents/blood*,1
Hypoglycemic Agents/pharmacology*,1
Hypoglycemic Agents/pharmacokinetics,1
Hypoglycemic Agents/isolation & purification,1
Hypoglycemic Agents/blood,1
Hypoglycemic Agents*,1
Hypoglycemia/blood,1
Hypochromic/etiology*,1
Hypnotics and Sedatives/therapeutic use,1
Hypnotics and Sedatives/pharmacology*,1
Hypnotics and Sedatives/pharmacology,1
Hypnotics and Sedatives*,1
Hyphema/chemically induced*,1
Hypertension/complications,1
Hypersensitivity,1
Hypericum/therapeutic use,1
Hypericum/physiology*,1
Hypericum/metabolism*,1
Hypericum/adverse effects,1
Hyperemia/chemically induced,1
Hymecromone/analogs & derivatives*,1
Hydroxytryptophol/urine*,1
Hydroxymethylglutaryl-CoA Reductase Inhibitors/pharmacology*,1
Hydroxymethylglutaryl-CoA Reductase Inhibitors/blood,1
Hydroxylation/drug effects,1
Hydroxylation,1
Hydroxylamines/pharmacology*,1
Hydroxyindoleacetic Acid/urine,1
Hydroxydopamines/pharmacology,1
Hydrolyzable Tannins,1
Hydrocortisone/analogs & derivatives*,1
Hydrastis/metabolism*,1
Hydrastis/chemistry,1
Hydralazine/therapeutic use,1
Hydralazine/pharmacology,1
Hydralazine/blood,1
Human/metabolism,1
Hospitalization,1
Hospital Volunteers*,1
Hospital Bed Capacity,1
Hospital,1
Hormonal/administration & dosage,1
Hong Kong,1
Homozygote,1
Homeostasis,1
HIV-1/enzymology,1
HIV-1/drug effects,1
HIV-1*,1
HIV Seropositivity/metabolism*,1
HIV Protease Inhibitors/therapeutic use*,1
HIV Protease Inhibitors/pharmacology*,1
HIV Protease Inhibitors/metabolism*,1
HIV Protease Inhibitors/blood*,1
HIV Protease Inhibitors/blood,1
HIV Protease Inhibitors/administration & dosage*,1
HIV Infections/therapy*,1
HIV Infections/enzymology,1
HIV Infections/blood*,1
Histamine H2 Antagonists/therapeutic use,1
Histamine H1 Antagonists/pharmacology*,1
Hibiscus*,1
Heterozygote,1
Herb-Drug Interactions/physiology,1
Heptanoic Acids/blood*,1
Heparin/blood,1
Heparin/administration & dosage*,1
Heparin/administration & dosage,1
Heparin,1
Hemostatics/therapeutic use,1
Hemostatics/pharmacokinetics,1
Hemostatics/adverse effects*,1
Hemostatics/administration & dosage*,1
Hemorrhagic Disorders/etiology*,1
Hemoglobins/metabolism,1
Hemoglobins/analysis,1
Hematuria/etiology*,1
Hematologic/drug therapy,1
Hematologic Diseases/drug therapy*,1
Hematologic Diseases/blood,1
Hematocrit,1
HeLa Cells,1
Heart/physiopathology,1
Heart/drug effects,1
Heart/diagnostic imaging,1
Heart Valve Prosthesis/adverse effects,1
Heart Valve Prosthesis Implantation,1
Heart Valve Prosthesis,1
Heart Rate,1
Heart Failure/blood,1
Heart Diseases/chemically induced,1
Heart Conduction System/drug effects*,1
Heart Block/chemically induced,1
Headache/drug therapy*,1
Headache/drug therapy,1
Headache/complications,1
Headache/chemically induced*,1
Hand/blood supply*,1
Haloperidol/therapeutic use,1
Haloperidol/pharmacology*,1
Haloperidol/blood,1
Hallux*/blood supply,1
Hallux Valgus/surgery,1
Gunshot/therapy,1
Gram-Negative Bacterial Infections/metabolism,1
Gram-Negative Bacterial Infections/drug therapy*,1
Graft Rejection/physiopathology*,1
Graft Rejection/immunology*,1
Graft Rejection/etiology,1
Graft Rejection/chemically induced*,1
Glycyrrhiza,1
Glycosides/blood*,1
Glutamine/pharmacology,1
Glutamine/chemical synthesis,1
Glutamates/pharmacology*,1
Glucose/metabolism*,1
Glomerular Filtration Rate/drug effects,1
Glass*,1
Ginkgo biloba/therapeutic use,1
Ginkgo biloba/metabolism*,1
Ginkgo biloba/chemistry,1
Gingival Hemorrhage/etiology*,1
Ginger/metabolism*,1
Ginger/chemistry,1
Ginger/adverse effects*,1
Ginger/adverse effects,1
Genetic,1
General/adverse effects*,1
General,1
Gene Expression Regulation/drug effects,1
Gels,1
Gastrostomy/instrumentation,1
Gastrostomy/adverse effects*,1
Gastrostomy*,1
Gastrointestinal Tract/pharmacology*,1
Gastrointestinal Hemorrhage/chemically induced,1
Gastrointestinal Diseases/chemically induced,1
Gastric Emptying*/drug effects,1
Gastric Emptying,1
Gastric Acid/physiology*,1
Gastric Acid,1
Gastrectomy,1
Garlic/chemistry,1
Garlic*/adverse effects,1
Garlic,1
Gangrene/chemically induced*,1
gamma-Linolenic Acid,1
Gallic Acid,1
Gallbladder/drug effects*,1
Gallbladder/anatomy & histology,1
Galactans/pharmacology*,1
GABA-A,1
GABA Modulators/pharmacokinetics,1
Furosemide/pharmacology,1
Furocoumarins/isolation & purification*,1
Furocoumarins/analysis,1
Furocoumarins/adverse effects,1
Furocoumarins/administration & dosage,1
Furazolidone/toxicity,1
Fruit/adverse effects,1
Fortified/analysis*,1
Fortified/adverse effects*,1
Fortified*/adverse effects,1
Fortified,1
Formulated/analysis,1
Forecasting,1
Foodborne Diseases/etiology,1
Foodborne Diseases/drug therapy,1
Foodborne Diseases/diagnosis*,1
Food/statistics & numerical data,1
Food*/classification,1
Food Preservation,1
Food Hypersensitivity/etiology*,1
Food Contamination,1
Food Analysis/statistics & numerical data,1
Food Analysis*,1
Food Additives/poisoning*,1
Folklore,1
Flurbiprofen/administration & dosage,1
Flurazepam/pharmacology*,1
Fluphenazine/pharmacology*,1
Fluphenazine/blood,1
Fluoxetine/pharmacology*,1
Fluoxetine/adverse effects*,1
Fluoroquinolones,1
Fluorometry,1
Fluorescent Dyes,1
Fluorescence,1
Fluorenes/therapeutic use*,1
Fluorenes/pharmacokinetics*,1
Flunitrazepam/pharmacokinetics*,1
Flunitrazepam/blood,1
Flunitrazepam/administration & dosage,1
Flunitrazepam*,1
Fluconazole/pharmacokinetics*,1
Fluconazole/administration & dosage,1
Fleroxacin/urine,1
Fleroxacin/pharmacology*,1
Flavonoids/urine,1
Flavonoids/metabolism,1
Flavonoids/administration & dosage,1
Fibrinolytic Agents/therapeutic use,1
Fibrinolytic Agents/adverse effects*,1
Fentanyl/pharmacology*,1
Fentanyl/pharmacokinetics*,1
Felodipine/therapeutic use,1
Felodipine/pharmacology,1
Felodipine/metabolism*,1
Felodipine/adverse effects*,1
Feces/analysis,1
Fasting/adverse effects*,1
Falciparum/drug therapy*,1
Factual,1
Fabaceae*,1
Exercise Test,1
Evoked Potentials/drug effects*,1
Evoked Potentials,1
European Continental Ancestry Group*,1
Ethnic Groups,1
Ethionamide/pharmacology,1
Ethinyl Estradiol/pharmacokinetics*,1
Ethinyl Estradiol/pharmacokinetics,1
Ethinyl Estradiol/blood*,1
Ethinyl Estradiol/blood,1
Ethanolamines/therapeutic use*,1
Ethanolamines/pharmacology*,1
Ethanolamines/pharmacokinetics*,1
Ethanolamines/metabolism*,1
Ethanolamines/administration & dosage*,1
Ethanol/urine*,1
Ethanol/pharmacokinetics,1
Ethanol/adverse effects,1
Ethanol/administration & dosage,1
Ethanol*,1
Ethacrynic Acid/pharmacology,1
Estrone/pharmacokinetics,1
Estrone/blood,1
Estrogens/adverse effects*,1
Estrogen Replacement Therapy/adverse effects*,1
Estrogen Replacement Therapy*,1
Estramustine/therapeutic use,1
Estramustine/pharmacokinetics*,1
Estradiol/pharmacokinetics*,1
Estradiol/blood,1
Estradiol/analogs & derivatives*,1
Estradiol Congeners/pharmacokinetics*,1
Estradiol Congeners/blood,1
Estradiol Congeners/administration & dosage,1
Essential/deficiency,1
Essential/administration & dosage*,1
Escherichia coli/isolation & purification*,1
Escherichia coli/enzymology,1
Erythromycin/metabolism,1
Erythromycin/blood,1
Erythromycin/analogs & derivatives,1
Erythrocytes,1
Erythrocyte Count,1
Ergotism/drug therapy,1
Ergotism/diagnosis,1
Ergotism/complications*,1
Ergotism/complications,1
Ergotamine/therapeutic use*,1
Ergotamine/pharmacology*,1
Ergotamine/metabolism,1
Ergotamine/adverse effects,1
Ergotamine,1
Ergot Alkaloids/therapeutic use,1
Ergot Alkaloids/adverse effects*,1
Epistaxis/etiology*,1
Epinephrine/blood,1
Epilepsy/metabolism*,1
Epilepsy/drug therapy,1
Ephedrine/pharmacokinetics*,1
Ephedrine/adverse effects,1
Ephedrine/administration & dosage*,1
Ephedrine/administration & dosage,1
Ephedrine*/therapeutic use,1
Ephedrine*/pharmacology,1
Ephedrine*/adverse effects,1
Ephedra*/adverse effects,1
Ephedra sinica*,1
Enzyme Inhibitors/blood*,1
Enzyme Inhibitors/analysis,1
Enzyme Inhibitors/adverse effects,1
Enzyme Inhibitors/administration & dosage,1
Enzyme Induction,1
Environmental/adverse effects*,1
Environmental,1
Enterotoxins/isolation & purification*,1
Enterocytes/enzymology,1
Enterocytes/drug effects,1
Enteric-Coated,1
Enteral Nutrition/instrumentation,1
Enoxacin/pharmacology*,1
Enoxacin/pharmacology,1
Enoxacin/pharmacokinetics*,1
England,1
Energy Metabolism*/drug effects,1
Energy Intake,1
Endothelium,1
Encephalitis/chemically induced*,1
Enalapril/urine,1
Enalapril/pharmacokinetics,1
Enalapril/metabolism,1
Enalapril/blood,1
Enalapril,1
Emotions/drug effects*,1
Emotions/drug effects,1
Emission-Computed*,1
Emergency Service,1
Embolism/prevention & control*,1
Eleutherococcus/metabolism,1
Eleutherococcus/immunology,1
Electrospray Ionization,1
Electroencephalography/drug effects,1
Eggs/adverse effects*,1
Eggs,1
Edible Grain,1
Edible,1
Echinacea/chemistry*,1
Echinacea*,1
Eating/physiology,1
East Asian Traditional*,1
Dyspepsia/drug therapy*,1
Dyspepsia/chemically induced,1
Duodenum/enzymology,1
Duodenum/drug effects,1
Drug-Related Side Effects and Adverse Reactions,1
Drug-Induced/therapy*,1
Drug-Induced/blood,1
Drug-Induced*,1
Drug Therapy/veterinary*,1
Drug Resistance/drug effects*,1
Drug Residues/poisoning*,1
Drug Overdose/complications,1
Drug Labeling,1
Drug Interactions/physiology*,1
Drug Industry*,1
Drug Hypersensitivity/etiology*,1
Drug Contamination*,1
Drug Contamination,1
Drug Combinations/metabolism,1
Drug Administration Routes,1
Dried/therapeutic use*,1
Dried/pharmacology,1
Dried/analysis,1
Doxycycline/pharmacokinetics*,1
Doxycycline/metabolism*,1
Dosage Forms,1
Dopamine/drug effects,1
DNA,1
Divalent*,1
Diuretics/therapeutic use,1
Diuretics/pharmacokinetics,1
Diuretics/metabolism,1
Diuretics/adverse effects*,1
Diuresis,1
Disulfiram/pharmacology,1
Disulfiram/isolation & purification*,1
Disulfiram/chemistry*,1
Disulfiram/analysis,1
Disease Models,1
Disease,1
Discrimination Learning/drug effects*,1
Discrimination (Psychology)*/drug effects,1
Dipyridamole/pharmacology,1
Dipyridamole/antagonists & inhibitors*,1
Dipyridamole*,1
Dipeptides/urine,1
Dipeptides/metabolism*,1
Dipeptides/adverse effects*,1
Diltiazem/pharmacokinetics*,1
Diltiazem/blood*,1
Diltiazem/blood,1
Diltiazem/analogs & derivatives,1
Diltiazem/administration & dosage,1
Dihydroxyphenylalanine*,1
Dihydroergotamine/therapeutic use,1
Dihydroergotamine/pharmacokinetics*,1
Dihydroergotamine/metabolism*,1
Dihydroergotamine/adverse effects,1
Dihydroergotamine/administration & dosage*,1
Digoxin/pharmacology*,1
Digoxin/immunology,1
Digoxin/chemistry*,1
Digoxin/adverse effects,1
Digitoxin/blood,1
Digitalis,1
Dietary/administration & dosage*,1
Dietary Supplements/utilization*,1
Dietary Supplements/adverse effects,1
Dietary Sucrose/pharmacology*,1
Dietary Sucrose/blood,1
Dietary Sucrose/analysis,1
Dietary Sucrose*,1
Dietary Proteins/adverse effects*,1
Dietary Proteins/adverse effects,1
Dietary Proteins/administration & dosage*,1
Dietary Proteins/administration & dosage,1
Dietary Fiber/therapeutic use*,1
Dietary Fiber/metabolism*,1
Dietary Fiber/metabolism,1
Dietary Fiber,1
Dietary Fats/metabolism,1
Dietary Fats/adverse effects*,1
Dietary Fats/adverse effects,1
Dietary Fats*,1
Dietary Fats,1
Dietary Carbohydrates/adverse effects,1
Dietary Carbohydrates/administration & dosage,1
Dietary Carbohydrates*,1
Diet/standards*,1
Diet/adverse effects,1
Diet Records,1
Diet Fads/adverse effects*,1
Dicumarol/metabolism*,1
Dicumarol/blood,1
Diclofenac/pharmacology*,1
Diazepam/pharmacokinetics*,1
Diazepam/blood,1
Diastole/drug effects,1
Diarrhea/therapy*,1
Diarrhea/chemically induced,1
Dialysis,1
Diabetic Nephropathies/therapy,1
Diabetes Mellitus/therapy*,1
Diabetes Mellitus/drug therapy,1
Diabetes Mellitus/diet therapy*,1
Diabetes Mellitus/diet therapy,1
Diabetes Mellitus/blood*,1
Diabetes Complications,1
Dextropropoxyphene/adverse effects,1
Dextromethorphan/urine,1
Dextromethorphan/metabolism*,1
Dextromethorphan/administration & dosage,1
Dextroamphetamine*,1
Desvenlafaxine Succinate,1
Dermatomycoses/metabolism,1
Dermatomycoses/drug therapy*,1
Dermatitis,1
Depressive Disorder/complications*,1
Depressive Disorder/blood,1
Depressive Disorder,1
Depression/therapy,1
Depression/etiology,1
Depression/complications,1
Depression,1
Dementia/prevention & control*,1
Demeclocycline/pharmacology*,1
Demeclocycline/metabolism,1
Demeclocycline*,1
Debrisoquin/pharmacokinetics,1
Databases,1
Dairy Products/analysis,1
Cytochrome P-450 Enzyme System/immunology,1
Cytochrome P-450 Enzyme System/genetics,1
Cytochrome P-450 Enzyme System/blood,1
Cytochrome P-450 Enzyme System/biosynthesis*,1
Cytochrome P-450 Enzyme System/analysis,1
Cytochrome P-450 Enzyme System,1
Cytochrome P-450 CYP2E1/metabolism,1
Cytochrome P-450 CYP2E1 Inhibitors,1
Cytochrome P-450 CYP2D6/metabolism,1
Cytochrome P-450 CYP2D6,1
Cytochrome P-450 CYP1A2/drug effects,1
Cyclosporins/pharmacokinetics*,1
Cyclosporins/pharmacokinetics,1
Cyclosporins/administration & dosage,1
Cyclosporine/adverse effects*,1
Cycloserine/pharmacokinetics*,1
Cycloserine/adverse effects,1
Cycloserine/administration & dosage,1
Cyclopropanes/isolation & purification*,1
Cyclopropanes/chemical synthesis,1
Cyclohexanols/therapeutic use,1
Cyclohexanols/pharmacology*,1
Cyclohexanols/blood,1
Cyclohexanols/adverse effects*,1
Cyclodextrins/urine,1
Cyclodextrins/blood,1
Cyclodextrins,1
Cyclic AMP/physiology*,1
Cyclic AMP/metabolism,1
Cyclic AMP/blood*,1
Cues,1
Cucurbitaceae*,1
Cross Reactions,1
Crohn Disease/complications,1
Critical Illness*,1
Creatinine/urine,1
Cranial/surgery,1
Cranial/etiology*,1
Coumarins/antagonists & inhibitors*,1
Coumarins/analysis*,1
Coumarins/adverse effects,1
Cosmetics/adverse effects*,1
Coronary Disease/physiopathology,1
Coronary Disease/drug therapy*,1
Coronary Disease/chemically induced*,1
Coronary Disease/chemically induced,1
Coronary Artery Disease/blood,1
Coronary Angiography,1
Coprinus/pathogenicity*,1
Coprinus/analysis*,1
Coprinus*/analysis,1
Coprinus*,1
Cooking,1
Controlled Clinical Trials as Topic,1
Consumer Product Safety,1
Constriction,1
Constipation/drug therapy,1
Constipation/diet therapy,1
Consciousness/drug effects,1
Complementary/genetics,1
Complementary Therapies/utilization*,1
Complementary Therapies*,1
Combined Modality Therapy,1
Coma/chemically induced,1
Colorimetry,1
Cognition/physiology,1
Cognition/drug effects*,1
Cocaine/pharmacology*,1
Cocaine/analogs & derivatives*,1
Cluster Headache/drug therapy,1
Clozapine/pharmacokinetics*,1
Clozapine/pharmacokinetics,1
Clozapine/metabolism,1
Clozapine/blood,1
Clozapine/analogs & derivatives,1
Clozapine/adverse effects,1
Cloxacillin/urine,1
Cloxacillin/pharmacokinetics*,1
Cloxacillin/adverse effects,1
Cloxacillin/administration & dosage,1
Clopamide/pharmacology*,1
Clofazimine/pharmacology,1
Clinical/methods*,1
Clinical Trials,1
Clinical Protocols,1
Clinical Nursing Research,1
Clindamycin/pharmacokinetics,1
Clindamycin/administration & dosage*,1
Clavulanic Acids/metabolism*,1
Clavulanic Acids/blood,1
Clavulanic Acids/administration & dosage,1
Clavulanic Acid,1
Citrus paradisi/physiology*,1
Citrus paradisi/metabolism,1
Citrus paradisi/adverse effects*,1
Citrus paradisi,1
Citrus aurantiifolia/metabolism,1
Citrates/pharmacokinetics*,1
Citrates/pharmacokinetics,1
Ciprofloxacin/blood*,1
Ciprofloxacin/analysis,1
Cimicifuga/metabolism*,1
Cimicifuga/chemistry,1
Cimicifuga/adverse effects,1
Cimetidine/pharmacology,1
Cimetidine/metabolism,1
Cilazapril,1
Chronic/therapy,1
Chronic/metabolism*,1
Chronic/metabolism,1
Chronic/etiology,1
Cholestyramine Resin/therapeutic use*,1
Cholestyramine Resin/pharmacology,1
Cholestyramine Resin/metabolism,1
Cholesterol,1
Cholecystectomy,1
Chlortetracycline/analogs & derivatives,1
Chlorpropamide/therapeutic use,1
Chlorpropamide/metabolism*,1
Chlorpromazine/metabolism*,1
Chlordiazepoxide/administration & dosage*,1
Chinese Herbal/therapeutic use*,1
Chinese Herbal/poisoning*,1
Chinese Herbal/pharmacokinetics*,1
Chinese Herbal*/therapeutic use,1
Chinese Herbal*,1
Chi-Square Distribution,1
Chest Pain/drug therapy,1
Chest Pain/chemically induced,1
Chemical Fractionation,1
Chemical and Drug Induced Liver Injury/etiology*,1
Chemical and Drug Induced Liver Injury*,1
Chemical,1
Chelating Agents/pharmacology*,1
Chelating Agents/administration & dosage,1
Cheese/adverse effects,1
Cheese*/analysis,1
Cheese,1
Cerebral Infarction/drug therapy,1
Cerebral Hemorrhage/etiology*,1
Cerebral Hemorrhage/drug therapy,1
Cerebral Hemorrhage/chemically induced,1
Cerebral Hemorrhage*,1
Cephalosporins/urine,1
Cephalosporins/metabolism,1
Cephalosporins/blood,1
Cephalosporins*,1
Cephalexin/metabolism,1
Cephalexin/administration & dosage,1
Central/pharmacology*,1
Central Nervous System/drug effects*,1
Central Nervous System Stimulants/urine,1
Central Nervous System Stimulants/metabolism*,1
Central Nervous System Stimulants/antagonists & inhibitors,1
Central Nervous System Stimulants*,1
Central Nervous System Depressants/antagonists & inhibitors*,1
Central Nervous System Depressants/administration & dosage,1
Cellulose/pharmacology*,1
Cellulose/metabolism*,1
Cellulose*,1
Cell Surface/drug effects*,1
Celiprolol/antagonists & inhibitors*,1
Celiprolol/administration & dosage,1
Celecoxib,1
Cefuroxime/metabolism,1
Cefuroxime/analogs & derivatives*,1
Cattle,1
Cations*,1
Cations,1
Cathartics/therapeutic use*,1
Cathartics/pharmacology*,1
Catecholamines/urine,1
Catecholamines/blood,1
Catalysis/drug effects,1
Catalepsy/chemically induced,1
Case-Control Studies,1
Cardiovascular System/drug effects*,1
Cardiovascular Diseases/etiology,1
Cardiovascular Diseases/drug therapy,1
Cardiovascular Diseases/chemically induced*,1
Cardiac/etiology*,1
Cardiac/chemically induced,1
Carcinogens/pharmacokinetics,1
Carcinogens,1
Carbohydrates/pharmacology*,1
Carbohydrates/administration & dosage,1
Carbohydrate Metabolism,1
Carbamazepine/poisoning,1
Carbamazepine/pharmacology,1
Carbamazepine/blood,1
Carbamazepine/analogs & derivatives*,1
Carbadox/toxicity,1
Captopril/therapeutic use*,1
Captopril/administration & dosage,1
Capsicum*,1
Capillary,1
Canada,1
Calcium/therapeutic use*,1
Calcium/pharmacology,1
Calcium/pharmacokinetics*,1
Calcium/pharmacokinetics,1
Calcium/administration & dosage,1
Calcium*,1
Calcium Radioisotopes,1
Calcium Chloride,1
Calcium Channel Blockers/urine,1
Calcium Channel Blockers/metabolism,1
Calcium Channel Blockers/chemistry,1
Calcium Channel Blockers/blood*,1
Calcium Carbonate/pharmacology*,1
Calcium Carbonate/adverse effects*,1
Calcium,1
Caffeine/toxicity*,1
Caffeine/therapeutic use*,1
Caffeine/chemistry*,1
Caffeine/antagonists & inhibitors,1
Caco-2 Cells/metabolism*,1
Caco-2 Cells/metabolism,1
Caco-2 Cells/enzymology,1
Caco-2 Cells/drug effects,1
Caco-2 Cells,1
C-Reactive Protein/metabolism,1
Butter,1
Butanones/metabolism*,1
Buspirone/blood*,1
Buspirone/adverse effects*,1
Buspirone/adverse effects,1
Bronchial Spasm/drug therapy,1
Bronchial Spasm/chemically induced,1
Bromobenzenes/therapeutic use,1
Bromobenzenes/pharmacology*,1
Bromobenzenes/pharmacokinetics,1
Bromobenzenes/administration & dosage,1
Bridged Bicyclo Compounds,1
Breast Neoplasms/drug therapy*,1
Breast Feeding,1
Bread/analysis,1
Brazil,1
Brassica,1
Brain/metabolism,1
Brain/drug effects,1
Brain/chemically induced,1
Brain Injuries/psychology*,1
Brain Injuries/drug therapy,1
Brain Injuries/complications,1
Brain Diseases/chemically induced*,1
Brain Death/diagnosis*,1
Bone Marrow Transplantation*,1
Bone and Bones/physiology*,1
Body Weight/physiology,1
Body Weight/drug effects*,1
Body Temperature/drug effects,1
Body Mass Index,1
Body Composition,1
Blood Vessels/physiology*,1
Blood Vessels/metabolism,1
Blood Vessels/drug effects,1
Blood Proteins/metabolism,1
Blood Pressure/physiology,1
Blood Pressure Monitoring,1
Blood Platelets/metabolism*,1
Blood Platelets/drug effects,1
Blood Platelet Disorders/complications*,1
Blood Loss,1
Blood Glucose/drug effects*,1
Blood Glucose/antagonists & inhibitors,1
Blood Coagulation/physiology,1
Blood Coagulation Tests,1
Blood Coagulation Disorders/etiology*,1
Blood Coagulation Disorders/drug therapy,1
Blood Coagulation Disorders/chemically induced,1
Blood Coagulation,1
Bismuth/adverse effects*,1
Bisacodyl/pharmacology*,1
Bisacodyl/adverse effects,1
Birth Weight,1
Bipolar Disorder/drug therapy*,1
Bipolar Disorder/blood*,1
Biotransformation/drug effects,1
Biological Transport/physiology,1
Biological Assay,1
Biodegradation,1
Binding Sites,1
Bicarbonates/pharmacology*,1
Bicarbonates/blood,1
Beverages/poisoning*,1
Beverages/microbiology*,1
Beverages/adverse effects,1
Beverages*/analysis,1
beta/metabolism,1
Benzophenones/therapeutic use,1
Benzophenones/pharmacology*,1
Benzophenones/pharmacokinetics,1
Benzophenones/administration & dosage,1
Benzodiazepinones/pharmacokinetics*,1
Benzodiazepinones/blood,1
Benzodiazepinones/administration & dosage,1
Benzodiazepines/antagonists & inhibitors*,1
Benzodiazepines/administration & dosage,1
Benzamides/therapeutic use,1
Benzamides/pharmacology,1
Benzamides/adverse effects,1
Benzamides/administration & dosage*,1
Bendroflumethiazide/therapeutic use,1
Bendroflumethiazide/pharmacology,1
Behavior/drug effects*,1
Behavior Therapy,1
Behavior Control/psychology*,1
Beer,1
Basidiomycota*,1
Bacteriological Techniques,1
Bacterial Infections/drug therapy*,1
Bacteria/drug effects,1
Back Pain/drug therapy,1
Azathioprine/blood,1
Azabicyclo Compounds,1
Aza Compounds/pharmacokinetics*,1
Aza Compounds/blood,1
Aza Compounds/administration & dosage,1
Aza Compounds*,1
Autonomic Nervous System Diseases/drug therapy*,1
Autonomic Nervous System Diseases/diagnosis,1
Autonomic Nervous System Diseases/complications,1
Autonomic Nervous System Diseases/chemically induced*,1
Automobile Driving/psychology*,1
Automobile Driving,1
Autoimmune Diseases/metabolism*,1
Autoimmune Diseases/drug therapy*,1
Autoimmune Diseases/blood,1
Attitude to Health,1
Attention/drug effects,1
Atrophic/veterinary,1
Atrophic/prevention & control,1
ATP Binding Cassette Transporter,1
Atenolol/urine,1
Atenolol/pharmacokinetics*,1
Atenolol/metabolism*,1
Association Learning/drug effects,1
Aspirin/therapeutic use,1
Aspirin/pharmacology,1
Aspirin/pharmacokinetics*,1
Aspiration/complications,1
Aspartame/adverse effects*,1
Ascorbic Acid/pharmacology*,1
Ascorbic Acid/pharmacokinetics,1
Arylamine N-Acetyltransferase/metabolism*,1
Aryl Hydrocarbon Hydroxylases/pharmacology,1
Aryl Hydrocarbon Hydroxylases/drug effects*,1
Aryl Hydrocarbon Hydroxylases/biosynthesis*,1
Artificial*,1
Arthroplasty,1
Arthritis,1
Arterial Occlusive Diseases/chemically induced*,1
Arousal/drug effects*,1
Appetitive Behavior/drug effects,1
Apocynaceae/chemistry*,1
APACHE,1
Aortic Valve,1
Anxiety/therapy,1
Anxiety/drug therapy*,1
Anxiety/chemically induced,1
Anxiety*,1
Anxiety Disorders*,1
Antiviral Agents/pharmacology*,1
Antiviral Agents/pharmacology,1
Antiviral Agents/pharmacokinetics,1
Antitussive Agents/metabolism*,1
Antitubercular/pharmacology,1
Antitubercular/pharmacokinetics*,1
Antitubercular/adverse effects,1
Antitubercular/administration & dosage,1
Antitubercular Agents/adverse effects,1
Antipyrine/metabolism,1
Antipyrine/blood*,1
Antipyrine/blood,1
Antipsychotic Agents/therapeutic use,1
Antipsychotic Agents/pharmacology,1
Antipsychotic Agents/pharmacokinetics*,1
Antipsychotic Agents/metabolism,1
Antipsychotic Agents/chemistry*,1
Antipsychotic Agents/blood,1
Antipsychotic Agents/adverse effects,1
Antipsychotic Agents/administration & dosage,1
Antiprotozoal Agents/pharmacokinetics*,1
Antiprotozoal Agents/blood,1
Antiprotozoal Agents/administration & dosage,1
Antioxidants/pharmacokinetics,1
Antineoplastic Agents*,1
Antimalarials/therapeutic use*,1
Antimalarials/adverse effects,1
Antihypertensive Agents/urine,1
Antihypertensive Agents/pharmacology*,1
Antihypertensive Agents/pharmacokinetics,1
Antihypertensive Agents/metabolism*,1
Antihypertensive Agents/blood,1
Antihypertensive Agents/adverse effects,1
Antihypertensive Agents/administration & dosage,1
Antifungal Agents/pharmacology,1
Antifungal Agents/metabolism*,1
Antifungal Agents/antagonists & inhibitors,1
Antifungal Agents/adverse effects*,1
Antifibrinolytic Agents/pharmacokinetics,1
Antifibrinolytic Agents/blood,1
Antifibrinolytic Agents/analysis,1
Antiemetics/pharmacology,1
Antidiarrheals/pharmacology,1
Antidiarrheals/blood*,1
Antidepressive Agents/pharmacokinetics*,1
Antidepressive Agents/chemistry,1
Antidepressive Agents/blood,1
Antidepressive Agents/administration & dosage*,1
Antidepressive Agents*,1
Anticonvulsants/poisoning*,1
Anticonvulsants/pharmacology*,1
Anticonvulsants/blood*,1
Anticonvulsants/administration & dosage*,1
Anticonvulsants/administration & dosage,1
Anticoagulants/pharmacokinetics,1
Anticoagulants/metabolism,1
Anticoagulants/antagonists & inhibitors*,1
Anticoagulants/analysis*,1
Anticoagulants/administration & dosage*,1
Anticholesteremic Agents/pharmacokinetics,1
Anticholesteremic Agents/adverse effects*,1
Anticholesteremic Agents/administration & dosage,1
Anticarcinogenic Agents/metabolism,1
Antibodies,1
Anti-Ulcer Agents/adverse effects*,1
Anti-Obesity Agents/therapeutic use,1
Anti-Obesity Agents/pharmacology,1
Anti-Inflammatory Agents/metabolism,1
Anti-Inflammatory Agents/blood*,1
Anti-Inflammatory Agents/blood,1
Anti-Inflammatory Agents/adverse effects,1
Anti-Infective Agents/pharmacology,1
Anti-Infective Agents/metabolism*,1
Anti-Infective Agents/analysis*,1
Anti-Infective Agents/adverse effects,1
Anti-HIV Agents/therapeutic use,1
Anti-HIV Agents/pharmacology*,1
Anti-HIV Agents/pharmacokinetics*,1
Anti-HIV Agents/blood*,1
Anti-Bacterial Agents/therapeutic use,1
Anti-Bacterial Agents/pharmacology,1
Anti-Bacterial Agents/administration & dosage*,1
Anti-Bacterial Agents*,1
Anti-Asthmatic Agents/blood,1
Anti-Asthmatic Agents/administration & dosage,1
Anti-Arrhythmia Agents/pharmacology*,1
Anti-Arrhythmia Agents/metabolism,1
Anti-Arrhythmia Agents/blood*,1
Anti-Anxiety Agents/pharmacology,1
Anti-Anxiety Agents/pharmacokinetics,1
Anti-Anxiety Agents/antagonists & inhibitors*,1
Anti-Anxiety Agents/adverse effects,1
Anti-Anxiety Agents/administration & dosage,1
Anti-Anxiety Agents*,1
Anti-Allergic Agents/pharmacokinetics*,1
Anti-Allergic Agents/pharmacokinetics,1
Anti-Allergic Agents/adverse effects*,1
Anthelmintics/pharmacokinetics,1
Anthelmintics/administration & dosage*,1
Antacids/pharmacology,1
Antacids/metabolism*,1
Antacids/administration & dosage*,1
Animal,1
Angiotensin-Converting Enzyme Inhibitors/pharmacology*,1
Angiotensin-Converting Enzyme Inhibitors/pharmacology,1
Angiotensin-Converting Enzyme Inhibitors/blood*,1
Angiotensin-Converting Enzyme Inhibitors*,1
Angiotensin I/pharmacology,1
Angiotensin I/antagonists & inhibitors,1
Anesthetics*,1
Anesthesia Recovery Period*,1
Anemia/etiology,1
Anemia/epidemiology*,1
Anemia/blood,1
Androgen Antagonists/pharmacology*,1
Androgen Antagonists/administration & dosage,1
Anaphylaxis/diagnosis,1
Anaphylaxis/chemically induced,1
Analgesics/therapeutic use,1
Analgesics/pharmacokinetics,1
Analgesics/adverse effects,1
Analgesia,1
Anacardiaceae*/adverse effects,1
Ampicillin/pharmacokinetics*,1
Ampicillin/administration & dosage,1
Amphetamines*,1
Amphetamine/analogs & derivatives,1
Amoxicillin/adverse effects,1
Amoxicillin/administration & dosage,1
Ammonium Chloride/pharmacology,1
Amlodipine/pharmacology*,1
Amlodipine/pharmacology,1
Amlodipine/adverse effects,1
Amlodipine/administration & dosage,1
Amitriptyline/metabolism*,1
Amiodarone/pharmacokinetics*,1
Amiodarone/blood,1
Amiodarone/analogs & derivatives,1
Aminophylline/therapeutic use,1
Aminophylline/pharmacology,1
Aminophylline/pharmacokinetics*,1
Aminophylline/metabolism,1
Aminophylline/blood,1
Aminophylline/administration & dosage,1
Amino Acids/pharmacology,1
Amino Acids/administration & dosage*,1
Amine Oxidase (Copper-Containing)/antagonists & inhibitors,1
Ambulatory,1
Aluminum/urine*,1
Aluminum/urine,1
Aluminum/toxicity*,1
Aluminum/toxicity,1
Aluminum/metabolism*,1
Aluminum/metabolism,1
Aluminum/blood*,1
Aluminum/adverse effects,1
Aluminum/administration & dosage*,1
Aluminum Hydroxide/urine*,1
Aluminum Hydroxide/therapeutic use*,1
Aluminum Hydroxide/metabolism,1
Alprazolam/pharmacokinetics*,1
Alprazolam/blood*,1
Aloe/adverse effects*,1
Allyl Compounds*,1
Alkalosis/chemically induced*,1
Alfentanil,1
Aldosterone/blood,1
Aldehyde Oxidoreductases/antagonists & inhibitors*,1
Aldehyde Oxidoreductases/antagonists & inhibitors,1
Alcoholism/drug therapy*,1
Alcoholism/complications*,1
Alcoholic Intoxication/psychology,1
Alcoholic Intoxication/drug therapy*,1
Alcoholic Intoxication/diagnosis,1
Alcoholic Intoxication/blood,1
Alcoholic Intoxication*,1
Alcohol Drinking/urine,1
Alcohol Drinking/psychology*,1
Alcohol Drinking/metabolism,1
Alcohol Drinking/genetics,1
Alcohol Drinking/blood*,1
Alcohol Drinking*,1
Albendazole/pharmacokinetics*,1
Albendazole/blood,1
Akathisia,1
AIDS-Related Opportunistic Infections/prevention & control,1
AIDS-Related Opportunistic Infections/metabolism,1
Agoraphobia/psychology,1
Agoraphobia/drug therapy,1
Aged*,1
Agaricales/chemistry*,1
Agaricales/chemistry,1
Agaricales/analysis*,1
Agaricales*/analysis,1
African Continental Ancestry Group*,1
Affect/physiology,1
Affect/drug effects*,1
Adult/complications,1
Adsorption,1
Adrenergic beta-Antagonists/administration & dosage,1
Adrenergic Agents/pharmacokinetics,1
Adrenergic,1
Adrenal Cortex Hormones/therapeutic use,1
Adenosine/antagonists & inhibitors*,1
Acute Kidney Injury/therapy,1
Acute Kidney Injury/complications,1
Activities of Daily Living,1
Acquired Immunodeficiency Syndrome/drug therapy*,1
Acquired Immunodeficiency Syndrome/complications,1
Acne Vulgaris/drug therapy*,1
Acids/blood,1
Acids/administration & dosage,1
Achlorhydria/metabolism,1
Achlorhydria/chemically induced,1
Acetylcysteine/administration & dosage*,1
Acetazolamide/pharmacology,1
Acetates/blood,1
Acetaminophen/therapeutic use,1
Acetaminophen/poisoning,1
Acetaminophen/pharmacology*,1
Acetaminophen/pharmacology,1
Acetaminophen/adverse effects*,1
Acetamides/pharmacology*,1
Acetamides/pharmacology,1
Acetamides/pharmacokinetics,1
Acetamides/blood,1
Acetamides/administration & dosage*,1
Acetaldehyde/urine*,1
Acetaldehyde/blood*,1
Acenocoumarol/therapeutic use*,1
Acenocoumarol/pharmacology,1
Acenocoumarol/administration & dosage,1
Absorption/drug effects,1
Abscess/therapy,1
Abnormal*,1
500 and over,1
